--
-- PostgreSQL database dump
--

-- Dumped from database version 14.13 (Homebrew)
-- Dumped by pg_dump version 14.13 (Homebrew)

SET statement_timeout = 0;
SET lock_timeout = 0;
SET idle_in_transaction_session_timeout = 0;
SET client_encoding = 'UTF8';
SET standard_conforming_strings = on;
SELECT pg_catalog.set_config('search_path', '', false);
SET check_function_bodies = false;
SET xmloption = content;
SET client_min_messages = warning;
SET row_security = off;

--
-- Name: uuid-ossp; Type: EXTENSION; Schema: -; Owner: -
--

CREATE EXTENSION IF NOT EXISTS "uuid-ossp" WITH SCHEMA public;


--
-- Name: EXTENSION "uuid-ossp"; Type: COMMENT; Schema: -; Owner: 
--

COMMENT ON EXTENSION "uuid-ossp" IS 'generate universally unique identifiers (UUIDs)';


SET default_tablespace = '';

SET default_table_access_method = heap;

--
-- Name: account_emailaddress; Type: TABLE; Schema: public; Owner: rafael
--

CREATE TABLE public.account_emailaddress (
    id integer NOT NULL,
    email character varying(254) NOT NULL,
    verified boolean NOT NULL,
    "primary" boolean NOT NULL,
    user_id bigint NOT NULL
);


ALTER TABLE public.account_emailaddress OWNER TO rafael;

--
-- Name: account_emailaddress_id_seq; Type: SEQUENCE; Schema: public; Owner: rafael
--

ALTER TABLE public.account_emailaddress ALTER COLUMN id ADD GENERATED BY DEFAULT AS IDENTITY (
    SEQUENCE NAME public.account_emailaddress_id_seq
    START WITH 1
    INCREMENT BY 1
    NO MINVALUE
    NO MAXVALUE
    CACHE 1
);


--
-- Name: account_emailconfirmation; Type: TABLE; Schema: public; Owner: rafael
--

CREATE TABLE public.account_emailconfirmation (
    id integer NOT NULL,
    created timestamp with time zone NOT NULL,
    sent timestamp with time zone,
    key character varying(64) NOT NULL,
    email_address_id integer NOT NULL
);


ALTER TABLE public.account_emailconfirmation OWNER TO rafael;

--
-- Name: account_emailconfirmation_id_seq; Type: SEQUENCE; Schema: public; Owner: rafael
--

ALTER TABLE public.account_emailconfirmation ALTER COLUMN id ADD GENERATED BY DEFAULT AS IDENTITY (
    SEQUENCE NAME public.account_emailconfirmation_id_seq
    START WITH 1
    INCREMENT BY 1
    NO MINVALUE
    NO MAXVALUE
    CACHE 1
);


--
-- Name: api_equipment; Type: TABLE; Schema: public; Owner: rafael
--

CREATE TABLE public.api_equipment (
    id bigint NOT NULL,
    name character varying(255) NOT NULL
);


ALTER TABLE public.api_equipment OWNER TO rafael;

--
-- Name: api_equipment_id_seq; Type: SEQUENCE; Schema: public; Owner: rafael
--

ALTER TABLE public.api_equipment ALTER COLUMN id ADD GENERATED BY DEFAULT AS IDENTITY (
    SEQUENCE NAME public.api_equipment_id_seq
    START WITH 1
    INCREMENT BY 1
    NO MINVALUE
    NO MAXVALUE
    CACHE 1
);


--
-- Name: api_exercise; Type: TABLE; Schema: public; Owner: rafael
--

CREATE TABLE public.api_exercise (
    id bigint NOT NULL,
    name character varying(100) NOT NULL,
    description jsonb NOT NULL,
    video_url character varying(200),
    "videoId" character varying(50)
);


ALTER TABLE public.api_exercise OWNER TO rafael;

--
-- Name: api_exercise_id_seq; Type: SEQUENCE; Schema: public; Owner: rafael
--

ALTER TABLE public.api_exercise ALTER COLUMN id ADD GENERATED BY DEFAULT AS IDENTITY (
    SEQUENCE NAME public.api_exercise_id_seq
    START WITH 1
    INCREMENT BY 1
    NO MINVALUE
    NO MAXVALUE
    CACHE 1
);


--
-- Name: api_exerciselog; Type: TABLE; Schema: public; Owner: rafael
--

CREATE TABLE public.api_exerciselog (
    id bigint NOT NULL,
    sets integer NOT NULL,
    reps integer NOT NULL,
    weight double precision NOT NULL,
    exercise_id bigint NOT NULL,
    workout_log_id bigint NOT NULL,
    CONSTRAINT api_exerciselog_reps_check CHECK ((reps >= 0)),
    CONSTRAINT api_exerciselog_sets_check CHECK ((sets >= 0))
);


ALTER TABLE public.api_exerciselog OWNER TO rafael;

--
-- Name: api_exerciselog_id_seq; Type: SEQUENCE; Schema: public; Owner: rafael
--

ALTER TABLE public.api_exerciselog ALTER COLUMN id ADD GENERATED BY DEFAULT AS IDENTITY (
    SEQUENCE NAME public.api_exerciselog_id_seq
    START WITH 1
    INCREMENT BY 1
    NO MINVALUE
    NO MAXVALUE
    CACHE 1
);


--
-- Name: api_exercisevideo; Type: TABLE; Schema: public; Owner: rafael
--

CREATE TABLE public.api_exercisevideo (
    id bigint NOT NULL,
    exercise_name character varying(255) NOT NULL,
    video_id character varying(20),
    last_updated timestamp with time zone NOT NULL
);


ALTER TABLE public.api_exercisevideo OWNER TO rafael;

--
-- Name: api_exercisevideo_id_seq; Type: SEQUENCE; Schema: public; Owner: rafael
--

ALTER TABLE public.api_exercisevideo ALTER COLUMN id ADD GENERATED BY DEFAULT AS IDENTITY (
    SEQUENCE NAME public.api_exercisevideo_id_seq
    START WITH 1
    INCREMENT BY 1
    NO MINVALUE
    NO MAXVALUE
    CACHE 1
);


--
-- Name: api_strengthgoal; Type: TABLE; Schema: public; Owner: rafael
--

CREATE TABLE public.api_strengthgoal (
    id bigint NOT NULL,
    name character varying(100) NOT NULL
);


ALTER TABLE public.api_strengthgoal OWNER TO rafael;

--
-- Name: api_strengthgoal_id_seq; Type: SEQUENCE; Schema: public; Owner: rafael
--

ALTER TABLE public.api_strengthgoal ALTER COLUMN id ADD GENERATED BY DEFAULT AS IDENTITY (
    SEQUENCE NAME public.api_strengthgoal_id_seq
    START WITH 1
    INCREMENT BY 1
    NO MINVALUE
    NO MAXVALUE
    CACHE 1
);


--
-- Name: api_trainingsession; Type: TABLE; Schema: public; Owner: rafael
--

CREATE TABLE public.api_trainingsession (
    id bigint NOT NULL,
    date date NOT NULL,
    comments text,
    session_name character varying(100),
    week_number integer,
    emoji_feedback integer,
    user_id bigint NOT NULL,
    workout_plan_id uuid NOT NULL,
    CONSTRAINT api_trainingsession_week_number_check CHECK ((week_number >= 0))
);


ALTER TABLE public.api_trainingsession OWNER TO rafael;

--
-- Name: api_trainingsession_id_seq; Type: SEQUENCE; Schema: public; Owner: rafael
--

ALTER TABLE public.api_trainingsession ALTER COLUMN id ADD GENERATED BY DEFAULT AS IDENTITY (
    SEQUENCE NAME public.api_trainingsession_id_seq
    START WITH 1
    INCREMENT BY 1
    NO MINVALUE
    NO MAXVALUE
    CACHE 1
);


--
-- Name: api_user; Type: TABLE; Schema: public; Owner: rafael
--

CREATE TABLE public.api_user (
    id bigint NOT NULL,
    password character varying(128) NOT NULL,
    last_login timestamp with time zone,
    is_superuser boolean NOT NULL,
    is_staff boolean NOT NULL,
    is_active boolean NOT NULL,
    date_joined timestamp with time zone NOT NULL,
    username character varying(150) NOT NULL,
    first_name character varying(30) NOT NULL,
    last_name character varying(30) NOT NULL,
    email character varying(254),
    age integer,
    weight double precision,
    height double precision,
    fitness_level character varying(20),
    workout_time integer,
    additional_goals text,
    profile_picture character varying(255),
    sex character varying(20) NOT NULL,
    membership_number character varying(20),
    workout_days integer,
    CONSTRAINT api_user_age_check CHECK ((age >= 0)),
    CONSTRAINT api_user_workout_time_check CHECK ((workout_time >= 0))
);


ALTER TABLE public.api_user OWNER TO rafael;

--
-- Name: api_user_equipment; Type: TABLE; Schema: public; Owner: rafael
--

CREATE TABLE public.api_user_equipment (
    id bigint NOT NULL,
    user_id bigint NOT NULL,
    equipment_id bigint NOT NULL
);


ALTER TABLE public.api_user_equipment OWNER TO rafael;

--
-- Name: api_user_equipment_id_seq; Type: SEQUENCE; Schema: public; Owner: rafael
--

ALTER TABLE public.api_user_equipment ALTER COLUMN id ADD GENERATED BY DEFAULT AS IDENTITY (
    SEQUENCE NAME public.api_user_equipment_id_seq
    START WITH 1
    INCREMENT BY 1
    NO MINVALUE
    NO MAXVALUE
    CACHE 1
);


--
-- Name: api_user_groups; Type: TABLE; Schema: public; Owner: rafael
--

CREATE TABLE public.api_user_groups (
    id bigint NOT NULL,
    user_id bigint NOT NULL,
    group_id integer NOT NULL
);


ALTER TABLE public.api_user_groups OWNER TO rafael;

--
-- Name: api_user_groups_id_seq; Type: SEQUENCE; Schema: public; Owner: rafael
--

ALTER TABLE public.api_user_groups ALTER COLUMN id ADD GENERATED BY DEFAULT AS IDENTITY (
    SEQUENCE NAME public.api_user_groups_id_seq
    START WITH 1
    INCREMENT BY 1
    NO MINVALUE
    NO MAXVALUE
    CACHE 1
);


--
-- Name: api_user_id_seq; Type: SEQUENCE; Schema: public; Owner: rafael
--

ALTER TABLE public.api_user ALTER COLUMN id ADD GENERATED BY DEFAULT AS IDENTITY (
    SEQUENCE NAME public.api_user_id_seq
    START WITH 1
    INCREMENT BY 1
    NO MINVALUE
    NO MAXVALUE
    CACHE 1
);


--
-- Name: api_user_strength_goals; Type: TABLE; Schema: public; Owner: rafael
--

CREATE TABLE public.api_user_strength_goals (
    id bigint NOT NULL,
    user_id bigint NOT NULL,
    strengthgoal_id bigint NOT NULL
);


ALTER TABLE public.api_user_strength_goals OWNER TO rafael;

--
-- Name: api_user_strength_goals_id_seq; Type: SEQUENCE; Schema: public; Owner: rafael
--

ALTER TABLE public.api_user_strength_goals ALTER COLUMN id ADD GENERATED BY DEFAULT AS IDENTITY (
    SEQUENCE NAME public.api_user_strength_goals_id_seq
    START WITH 1
    INCREMENT BY 1
    NO MINVALUE
    NO MAXVALUE
    CACHE 1
);


--
-- Name: api_user_user_permissions; Type: TABLE; Schema: public; Owner: rafael
--

CREATE TABLE public.api_user_user_permissions (
    id bigint NOT NULL,
    user_id bigint NOT NULL,
    permission_id integer NOT NULL
);


ALTER TABLE public.api_user_user_permissions OWNER TO rafael;

--
-- Name: api_user_user_permissions_id_seq; Type: SEQUENCE; Schema: public; Owner: rafael
--

ALTER TABLE public.api_user_user_permissions ALTER COLUMN id ADD GENERATED BY DEFAULT AS IDENTITY (
    SEQUENCE NAME public.api_user_user_permissions_id_seq
    START WITH 1
    INCREMENT BY 1
    NO MINVALUE
    NO MAXVALUE
    CACHE 1
);


--
-- Name: api_userprofile; Type: TABLE; Schema: public; Owner: rafael
--

CREATE TABLE public.api_userprofile (
    id bigint NOT NULL,
    name character varying(100) NOT NULL,
    age integer NOT NULL,
    weight double precision NOT NULL,
    height double precision NOT NULL,
    fitness_level character varying(20) NOT NULL,
    strength_goals character varying(255) NOT NULL,
    additional_goals text,
    equipment character varying(255) NOT NULL,
    workout_time integer NOT NULL,
    workout_days integer NOT NULL,
    user_id bigint NOT NULL,
    CONSTRAINT api_userprofile_age_check CHECK ((age >= 0)),
    CONSTRAINT api_userprofile_workout_days_check CHECK ((workout_days >= 0)),
    CONSTRAINT api_userprofile_workout_time_check CHECK ((workout_time >= 0))
);


ALTER TABLE public.api_userprofile OWNER TO rafael;

--
-- Name: api_userprofile_id_seq; Type: SEQUENCE; Schema: public; Owner: rafael
--

ALTER TABLE public.api_userprofile ALTER COLUMN id ADD GENERATED BY DEFAULT AS IDENTITY (
    SEQUENCE NAME public.api_userprofile_id_seq
    START WITH 1
    INCREMENT BY 1
    NO MINVALUE
    NO MAXVALUE
    CACHE 1
);


--
-- Name: api_workoutlog; Type: TABLE; Schema: public; Owner: rafael
--

CREATE TABLE public.api_workoutlog (
    id bigint NOT NULL,
    date date NOT NULL,
    user_id bigint NOT NULL
);


ALTER TABLE public.api_workoutlog OWNER TO rafael;

--
-- Name: api_workoutlog_id_seq; Type: SEQUENCE; Schema: public; Owner: rafael
--

ALTER TABLE public.api_workoutlog ALTER COLUMN id ADD GENERATED BY DEFAULT AS IDENTITY (
    SEQUENCE NAME public.api_workoutlog_id_seq
    START WITH 1
    INCREMENT BY 1
    NO MINVALUE
    NO MAXVALUE
    CACHE 1
);


--
-- Name: api_workoutplan; Type: TABLE; Schema: public; Owner: rafael
--

CREATE TABLE public.api_workoutplan (
    id uuid NOT NULL,
    week_number integer NOT NULL,
    dashboard_background character varying(255),
    workoutplan_background character varying(255),
    plan_data jsonb NOT NULL,
    created_at timestamp with time zone NOT NULL,
    user_id bigint NOT NULL,
    CONSTRAINT api_workoutplan_week_number_check CHECK ((week_number >= 0))
);


ALTER TABLE public.api_workoutplan OWNER TO rafael;

--
-- Name: api_workoutsession; Type: TABLE; Schema: public; Owner: rafael
--

CREATE TABLE public.api_workoutsession (
    id bigint NOT NULL,
    date timestamp with time zone NOT NULL,
    user_id bigint NOT NULL
);


ALTER TABLE public.api_workoutsession OWNER TO rafael;

--
-- Name: api_workoutsession_id_seq; Type: SEQUENCE; Schema: public; Owner: rafael
--

ALTER TABLE public.api_workoutsession ALTER COLUMN id ADD GENERATED BY DEFAULT AS IDENTITY (
    SEQUENCE NAME public.api_workoutsession_id_seq
    START WITH 1
    INCREMENT BY 1
    NO MINVALUE
    NO MAXVALUE
    CACHE 1
);


--
-- Name: api_youtubevideo; Type: TABLE; Schema: public; Owner: rafael
--

CREATE TABLE public.api_youtubevideo (
    id bigint NOT NULL,
    video_id character varying(20) NOT NULL,
    title character varying(255) NOT NULL,
    thumbnail_url character varying(200) NOT NULL,
    video_url character varying(200) NOT NULL,
    cached_at timestamp with time zone NOT NULL,
    exercise_name character varying(255) NOT NULL
);


ALTER TABLE public.api_youtubevideo OWNER TO rafael;

--
-- Name: api_youtubevideo_id_seq; Type: SEQUENCE; Schema: public; Owner: rafael
--

ALTER TABLE public.api_youtubevideo ALTER COLUMN id ADD GENERATED BY DEFAULT AS IDENTITY (
    SEQUENCE NAME public.api_youtubevideo_id_seq
    START WITH 1
    INCREMENT BY 1
    NO MINVALUE
    NO MAXVALUE
    CACHE 1
);


--
-- Name: auth_group; Type: TABLE; Schema: public; Owner: rafael
--

CREATE TABLE public.auth_group (
    id integer NOT NULL,
    name character varying(150) NOT NULL
);


ALTER TABLE public.auth_group OWNER TO rafael;

--
-- Name: auth_group_id_seq; Type: SEQUENCE; Schema: public; Owner: rafael
--

ALTER TABLE public.auth_group ALTER COLUMN id ADD GENERATED BY DEFAULT AS IDENTITY (
    SEQUENCE NAME public.auth_group_id_seq
    START WITH 1
    INCREMENT BY 1
    NO MINVALUE
    NO MAXVALUE
    CACHE 1
);


--
-- Name: auth_group_permissions; Type: TABLE; Schema: public; Owner: rafael
--

CREATE TABLE public.auth_group_permissions (
    id bigint NOT NULL,
    group_id integer NOT NULL,
    permission_id integer NOT NULL
);


ALTER TABLE public.auth_group_permissions OWNER TO rafael;

--
-- Name: auth_group_permissions_id_seq; Type: SEQUENCE; Schema: public; Owner: rafael
--

ALTER TABLE public.auth_group_permissions ALTER COLUMN id ADD GENERATED BY DEFAULT AS IDENTITY (
    SEQUENCE NAME public.auth_group_permissions_id_seq
    START WITH 1
    INCREMENT BY 1
    NO MINVALUE
    NO MAXVALUE
    CACHE 1
);


--
-- Name: auth_permission; Type: TABLE; Schema: public; Owner: rafael
--

CREATE TABLE public.auth_permission (
    id integer NOT NULL,
    name character varying(255) NOT NULL,
    content_type_id integer NOT NULL,
    codename character varying(100) NOT NULL
);


ALTER TABLE public.auth_permission OWNER TO rafael;

--
-- Name: auth_permission_id_seq; Type: SEQUENCE; Schema: public; Owner: rafael
--

ALTER TABLE public.auth_permission ALTER COLUMN id ADD GENERATED BY DEFAULT AS IDENTITY (
    SEQUENCE NAME public.auth_permission_id_seq
    START WITH 1
    INCREMENT BY 1
    NO MINVALUE
    NO MAXVALUE
    CACHE 1
);


--
-- Name: authtoken_token; Type: TABLE; Schema: public; Owner: rafael
--

CREATE TABLE public.authtoken_token (
    key character varying(40) NOT NULL,
    created timestamp with time zone NOT NULL,
    user_id bigint NOT NULL
);


ALTER TABLE public.authtoken_token OWNER TO rafael;

--
-- Name: django_admin_log; Type: TABLE; Schema: public; Owner: rafael
--

CREATE TABLE public.django_admin_log (
    id integer NOT NULL,
    action_time timestamp with time zone NOT NULL,
    object_id text,
    object_repr character varying(200) NOT NULL,
    action_flag smallint NOT NULL,
    change_message text NOT NULL,
    content_type_id integer,
    user_id bigint NOT NULL,
    CONSTRAINT django_admin_log_action_flag_check CHECK ((action_flag >= 0))
);


ALTER TABLE public.django_admin_log OWNER TO rafael;

--
-- Name: django_admin_log_id_seq; Type: SEQUENCE; Schema: public; Owner: rafael
--

ALTER TABLE public.django_admin_log ALTER COLUMN id ADD GENERATED BY DEFAULT AS IDENTITY (
    SEQUENCE NAME public.django_admin_log_id_seq
    START WITH 1
    INCREMENT BY 1
    NO MINVALUE
    NO MAXVALUE
    CACHE 1
);


--
-- Name: django_content_type; Type: TABLE; Schema: public; Owner: rafael
--

CREATE TABLE public.django_content_type (
    id integer NOT NULL,
    app_label character varying(100) NOT NULL,
    model character varying(100) NOT NULL
);


ALTER TABLE public.django_content_type OWNER TO rafael;

--
-- Name: django_content_type_id_seq; Type: SEQUENCE; Schema: public; Owner: rafael
--

ALTER TABLE public.django_content_type ALTER COLUMN id ADD GENERATED BY DEFAULT AS IDENTITY (
    SEQUENCE NAME public.django_content_type_id_seq
    START WITH 1
    INCREMENT BY 1
    NO MINVALUE
    NO MAXVALUE
    CACHE 1
);


--
-- Name: django_migrations; Type: TABLE; Schema: public; Owner: rafael
--

CREATE TABLE public.django_migrations (
    id bigint NOT NULL,
    app character varying(255) NOT NULL,
    name character varying(255) NOT NULL,
    applied timestamp with time zone NOT NULL
);


ALTER TABLE public.django_migrations OWNER TO rafael;

--
-- Name: django_migrations_id_seq; Type: SEQUENCE; Schema: public; Owner: rafael
--

ALTER TABLE public.django_migrations ALTER COLUMN id ADD GENERATED BY DEFAULT AS IDENTITY (
    SEQUENCE NAME public.django_migrations_id_seq
    START WITH 1
    INCREMENT BY 1
    NO MINVALUE
    NO MAXVALUE
    CACHE 1
);


--
-- Name: django_session; Type: TABLE; Schema: public; Owner: rafael
--

CREATE TABLE public.django_session (
    session_key character varying(40) NOT NULL,
    session_data text NOT NULL,
    expire_date timestamp with time zone NOT NULL
);


ALTER TABLE public.django_session OWNER TO rafael;

--
-- Name: django_site; Type: TABLE; Schema: public; Owner: rafael
--

CREATE TABLE public.django_site (
    id integer NOT NULL,
    domain character varying(100) NOT NULL,
    name character varying(50) NOT NULL
);


ALTER TABLE public.django_site OWNER TO rafael;

--
-- Name: django_site_id_seq; Type: SEQUENCE; Schema: public; Owner: rafael
--

ALTER TABLE public.django_site ALTER COLUMN id ADD GENERATED BY DEFAULT AS IDENTITY (
    SEQUENCE NAME public.django_site_id_seq
    START WITH 1
    INCREMENT BY 1
    NO MINVALUE
    NO MAXVALUE
    CACHE 1
);


--
-- Name: socialaccount_socialaccount; Type: TABLE; Schema: public; Owner: rafael
--

CREATE TABLE public.socialaccount_socialaccount (
    id integer NOT NULL,
    provider character varying(200) NOT NULL,
    uid character varying(191) NOT NULL,
    last_login timestamp with time zone NOT NULL,
    date_joined timestamp with time zone NOT NULL,
    extra_data jsonb NOT NULL,
    user_id bigint NOT NULL
);


ALTER TABLE public.socialaccount_socialaccount OWNER TO rafael;

--
-- Name: socialaccount_socialaccount_id_seq; Type: SEQUENCE; Schema: public; Owner: rafael
--

ALTER TABLE public.socialaccount_socialaccount ALTER COLUMN id ADD GENERATED BY DEFAULT AS IDENTITY (
    SEQUENCE NAME public.socialaccount_socialaccount_id_seq
    START WITH 1
    INCREMENT BY 1
    NO MINVALUE
    NO MAXVALUE
    CACHE 1
);


--
-- Name: socialaccount_socialapp; Type: TABLE; Schema: public; Owner: rafael
--

CREATE TABLE public.socialaccount_socialapp (
    id integer NOT NULL,
    provider character varying(30) NOT NULL,
    name character varying(40) NOT NULL,
    client_id character varying(191) NOT NULL,
    secret character varying(191) NOT NULL,
    key character varying(191) NOT NULL,
    provider_id character varying(200) NOT NULL,
    settings jsonb NOT NULL
);


ALTER TABLE public.socialaccount_socialapp OWNER TO rafael;

--
-- Name: socialaccount_socialapp_id_seq; Type: SEQUENCE; Schema: public; Owner: rafael
--

ALTER TABLE public.socialaccount_socialapp ALTER COLUMN id ADD GENERATED BY DEFAULT AS IDENTITY (
    SEQUENCE NAME public.socialaccount_socialapp_id_seq
    START WITH 1
    INCREMENT BY 1
    NO MINVALUE
    NO MAXVALUE
    CACHE 1
);


--
-- Name: socialaccount_socialapp_sites; Type: TABLE; Schema: public; Owner: rafael
--

CREATE TABLE public.socialaccount_socialapp_sites (
    id bigint NOT NULL,
    socialapp_id integer NOT NULL,
    site_id integer NOT NULL
);


ALTER TABLE public.socialaccount_socialapp_sites OWNER TO rafael;

--
-- Name: socialaccount_socialapp_sites_id_seq; Type: SEQUENCE; Schema: public; Owner: rafael
--

ALTER TABLE public.socialaccount_socialapp_sites ALTER COLUMN id ADD GENERATED BY DEFAULT AS IDENTITY (
    SEQUENCE NAME public.socialaccount_socialapp_sites_id_seq
    START WITH 1
    INCREMENT BY 1
    NO MINVALUE
    NO MAXVALUE
    CACHE 1
);


--
-- Name: socialaccount_socialtoken; Type: TABLE; Schema: public; Owner: rafael
--

CREATE TABLE public.socialaccount_socialtoken (
    id integer NOT NULL,
    token text NOT NULL,
    token_secret text NOT NULL,
    expires_at timestamp with time zone,
    account_id integer NOT NULL,
    app_id integer
);


ALTER TABLE public.socialaccount_socialtoken OWNER TO rafael;

--
-- Name: socialaccount_socialtoken_id_seq; Type: SEQUENCE; Schema: public; Owner: rafael
--

ALTER TABLE public.socialaccount_socialtoken ALTER COLUMN id ADD GENERATED BY DEFAULT AS IDENTITY (
    SEQUENCE NAME public.socialaccount_socialtoken_id_seq
    START WITH 1
    INCREMENT BY 1
    NO MINVALUE
    NO MAXVALUE
    CACHE 1
);


--
-- Data for Name: account_emailaddress; Type: TABLE DATA; Schema: public; Owner: rafael
--

COPY public.account_emailaddress (id, email, verified, "primary", user_id) FROM stdin;
\.


--
-- Data for Name: account_emailconfirmation; Type: TABLE DATA; Schema: public; Owner: rafael
--

COPY public.account_emailconfirmation (id, created, sent, key, email_address_id) FROM stdin;
\.


--
-- Data for Name: api_equipment; Type: TABLE DATA; Schema: public; Owner: rafael
--

COPY public.api_equipment (id, name) FROM stdin;
1	Dumbbell
2	Barbell
3	Kettlebell
4	Treadmill
5	Elliptical Machine
6	Rowing Machine
7	Stationary Bike
8	Resistance Bands
9	Pull-Up Bar
10	Yoga Mat
11	Medicine Ball
12	Jump Rope
13	Battle Ropes
14	Power Rack
15	Bench Press
16	Leg Press Machine
17	Smith Machine
18	Cable Machine
19	Foam Roller
21	Assault Bike
20	Stability Ball
22	No equipment
\.


--
-- Data for Name: api_exercise; Type: TABLE DATA; Schema: public; Owner: rafael
--

COPY public.api_exercise (id, name, description, video_url, "videoId") FROM stdin;
1	Push-ups	{"steps": ["Step 1: Start in plank position", "Step 2: Lower body", "Step 3: Push back up"]}	https://www.youtube.com/watch?v=IODxDxX7oi4	IODxDxX7oi4
2	Pull-ups	{"steps": ["Step 1: Grip bar", "Step 2: Pull up", "Step 3: Lower down"]}	https://youtu.be/eGo4IYlbE5g	eGo4IYlbE5g
3	Squats	{"steps": ["Step 1: Stand straight", "Step 2: Lower down", "Step 3: Stand back up"]}	https://www.youtube.com/watch?v=YaXPRqUwItQ	YaXPRqUwItQ
4	Push-ups	{"steps": ["Step 1: Start in plank position", "Step 2: Lower body", "Step 3: Push back up"]}	https://www.youtube.com/watch?v=IODxDxX7oi4	IODxDxX7oi4
5	Pull-ups	{"steps": ["Step 1: Grip bar", "Step 2: Pull up", "Step 3: Lower down"]}	https://youtu.be/eGo4IYlbE5g	eGo4IYlbE5g
6	Squats	{"steps": ["Step 1: Stand straight", "Step 2: Lower down", "Step 3: Stand back up"]}	https://www.youtube.com/watch?v=YaXPRqUwItQ	YaXPRqUwItQ
8	Pull-ups	{"steps": ["Step 1", "Step 2"]}	https://youtu.be/eGo4IYlbE5g	eGo4IYlbE5g
9	Push-ups	{"steps": ["Step 1", "Step 2"]}	https://www.youtube.com/watch?v=IODxDxX7oi4	IODxDxX7oi4
10	Pull-ups	{"steps": ["Step 1", "Step 2"]}	https://youtu.be/eGo4IYlbE5g	eGo4IYlbE5g
7	Push-up	{"steps": ["Step 1", "Step 2"]}	https://www.youtube.com/watch?v=0pkjOk0EiAk	0pkjOk0EiAk
\.


--
-- Data for Name: api_exerciselog; Type: TABLE DATA; Schema: public; Owner: rafael
--

COPY public.api_exerciselog (id, sets, reps, weight, exercise_id, workout_log_id) FROM stdin;
\.


--
-- Data for Name: api_exercisevideo; Type: TABLE DATA; Schema: public; Owner: rafael
--

COPY public.api_exercisevideo (id, exercise_name, video_id, last_updated) FROM stdin;
1	Cool Down Stretching	gfzC9XMEypg	2024-10-23 18:02:09.107046+11
2	Overhead Tricep Extension	8FNGBJUHfsA	2024-10-23 18:02:09.107184+11
3	Barbell Bench Press	lWFknlOTbyM	2024-10-23 18:02:09.107227+11
4	Hammer Curls	BRVDS6HVR9Q	2024-10-23 18:02:09.107241+11
5	Push-Ups	ba8tr1NzwXU	2024-10-23 18:02:09.107251+11
6	Lunges	wrwwXE_x-pQ	2024-10-23 18:02:09.10726+11
7	Pull-Ups	RhNyvtK-IaA	2024-10-23 18:02:09.107353+11
8	Dumbbell Flyes	QENKPHhQVi4	2024-10-23 18:02:09.107365+11
9	Seated Cable Rows	CsROhQ1onAg	2024-10-23 18:02:09.107373+11
10	Leg Press	VFk3RzndUEc	2024-10-23 18:02:09.10738+11
11	Plank	6LqqeBtFn9M	2024-10-23 18:02:09.107386+11
12	Medicine Ball Russian Twists	2_MsoqTpIJ8	2024-10-23 18:02:09.107391+11
13	Battle Ropes	pQb2xIGioyQ	2024-10-23 18:02:09.107397+11
14	Squats	xqvCmoLULNY	2024-10-23 18:02:09.107403+11
15	Treadmill Intervals	ufhM_9eLU-s	2024-10-23 18:02:09.10741+11
16	Tricep Dips	SLk3UUV8GuI	2024-10-23 18:02:09.107416+11
17	Dumbbell Bicep Curls	ykJmrZ5v0Oo	2024-10-23 18:02:09.107421+11
18	Bent Over Barbell Rows	FWJR5Ve8bnQ	2024-10-23 18:02:09.107427+11
\.


--
-- Data for Name: api_strengthgoal; Type: TABLE DATA; Schema: public; Owner: rafael
--

COPY public.api_strengthgoal (id, name) FROM stdin;
1	Lose Weight
2	Rehabilitation
3	Improve Cardiovascular Health
4	Enhance Balance
5	Build Muscle Mass
6	Increase Strength
7	Improve Endurance
8	Enhance Flexibility
9	Improve Athletic Performance
\.


--
-- Data for Name: api_trainingsession; Type: TABLE DATA; Schema: public; Owner: rafael
--

COPY public.api_trainingsession (id, date, comments, session_name, week_number, emoji_feedback, user_id, workout_plan_id) FROM stdin;
3	2024-10-25	Please replace the mountain climbers for another core exercise.	Day 4: Cardio and Core	\N	1	14	ed9b1ec0-13cc-4a07-a978-a54adfecb282
4	2024-10-25	PLease add inclined bench press	Day 1: Chest and Triceps	\N	1	14	ed9b1ec0-13cc-4a07-a978-a54adfecb282
\.


--
-- Data for Name: api_user; Type: TABLE DATA; Schema: public; Owner: rafael
--

COPY public.api_user (id, password, last_login, is_superuser, is_staff, is_active, date_joined, username, first_name, last_name, email, age, weight, height, fitness_level, workout_time, additional_goals, profile_picture, sex, membership_number, workout_days) FROM stdin;
27	pbkdf2_sha256$870000$GVLoSIvP7YH3wCZ5MwsXTE$bR2MjH+vJH277WNHZA556QXzFu2l4AEnWlosPWBUhaM=	\N	f	f	t	2024-10-28 15:14:21.296734+11	user11	ferdinand	Liu	lui@yahoo.com	53	183	79	Intermediate	60			Male	MEM-00027	4
2	pbkdf2_sha256$870000$NcobbLKfgCdSiejfzuos9L$l+geni+hUl87QvLi2Xss3A6Hup6Obpa29XGPiYRDnac=	\N	f	f	t	2024-10-23 18:01:42.322373+11	user000	sam	tiu	tiu@gmail.com	39	79	180	Intermediate	45			Male	MEM-00002	\N
14	pbkdf2_sha256$870000$g9VrNJHg2Yj2BLgo5ouFTK$zXGasCWKR7Wn1S8GZHiJ4wFU60pg1rkvbwNimydAGLs=	\N	f	f	t	2024-10-25 11:05:04.415493+11	user456	Adam	Niils	nills@gmail.com	19	87	185	Beginner	45			Male	MEM-00014	5
15	pbkdf2_sha256$870000$0NScdWVb9RVzGcoFGxs8cj$0LkqAcCwLnHDYE0t1NUImlUqtqnosSX1jYmB7zGHy70=	\N	f	f	t	2024-10-25 19:40:07.365621+11	user123	Hilton	Hilario	hilario@ig.com	48	80	182	Advanced	60			Male	MEM-00015	6
22	pbkdf2_sha256$870000$uyiFp23NsrIj6vJQZcE9cO$cf1/f7AUefy/bzWu29odFs65ysdeQMJ5RipejS3ex6w=	\N	f	f	t	2024-10-28 12:02:31.79095+11	user010	Joe	Sam	sam@gmail.com	25	78	185	Advanced	60	I am training to run a marathon in 6 months		Male	MEM-00022	4
23	pbkdf2_sha256$870000$UZrtSn1iCDyjeZ9r2gFa58$udPJMKC2DhHruV+fsQMs2MkRzDJ6x1GTT4kx8wNWgZI=	\N	f	f	t	2024-10-28 12:44:32.059339+11	user040	Bambam	Tuto	tuto@if.com	40	100	194	Intermediate	45	I want to focus on running		Male	MEM-00023	5
24	pbkdf2_sha256$870000$WP1OAUOz2tKS7HtOaXoKsJ$VdhnLcfZtxk9ITVWKkuN+2nGgk3mmuZgcf4zi0XSATE=	\N	f	f	t	2024-10-28 12:53:05.533142+11	user444	Jim	Salvers	jim@ig.com.br	45	80	180	Advanced	45	I am training to run a marathon		Male	MEM-00024	5
25	pbkdf2_sha256$870000$6gCxq7008vy1ZE87bIG4z6$gUBdsflFLFkRiOS+SKfkwgZR+WUB15C/zOoZZAxxXOI=	\N	f	f	t	2024-10-28 13:29:15.23039+11	user445	Geroge	Coombe	coombe@ig.com	34	80	185	Advanced	60	I am training to run a marathon		Male	MEM-00025	4
26	pbkdf2_sha256$870000$aPlsKQYC9fywQrA2QSuYhz$UPGbj9gQZjIYwAzNQ/jJ9MMe+q/2j+QYCI+rzsOauOc=	\N	f	f	t	2024-10-28 13:48:41.954418+11	user32	Cilvio	Cellows	Cellows@gmail.com	34	80	185	Advanced	60	Training for a marathon		Male	MEM-00026	4
1	pbkdf2_sha256$870000$wbznjUpPU4GLL6nQtK2t0m$UmaXY1q23FqzTpo+sOYs/vtG7myXtgAZqFVe2THrWps=	2024-11-20 11:22:16.40038+11	t	t	t	2024-10-23 17:55:19.566498+11	admin			admin@example.com	\N	\N	\N	\N	\N	\N		Prefer not to say	MEM-00001	\N
28	pbkdf2_sha256$870000$oOT1S23bVdHUH6DUcFKzDd$wv3uVhArWNizZsPP8WUOB5xlMrBO8brtX/LCtjVk7CY=	\N	f	f	t	2024-11-20 13:15:34.113342+11	user111	Azim	assar	assar@gmail.com	38	80	178	Intermediate	45			Male	MEM-00028	4
\.


--
-- Data for Name: api_user_equipment; Type: TABLE DATA; Schema: public; Owner: rafael
--

COPY public.api_user_equipment (id, user_id, equipment_id) FROM stdin;
1	2	1
2	2	2
3	2	3
4	2	4
5	2	5
6	2	6
7	2	7
8	2	8
9	2	11
10	2	12
11	2	13
12	2	14
13	2	15
14	2	16
15	2	18
16	2	20
17	2	21
194	14	1
195	14	2
196	14	3
197	14	4
198	14	5
199	14	6
200	14	7
201	14	8
202	14	9
203	14	10
204	14	11
205	14	12
206	14	13
207	14	14
208	14	15
209	14	16
210	14	19
211	14	20
212	14	21
213	15	1
214	15	2
215	15	3
216	15	5
217	15	6
218	15	7
219	15	9
220	15	14
221	15	15
222	15	17
223	15	18
224	15	20
225	15	21
323	22	1
324	22	2
325	22	3
326	22	4
327	22	5
328	22	6
329	22	9
330	22	10
331	22	12
332	22	14
333	22	15
334	22	16
335	22	17
336	22	18
337	22	19
338	22	20
339	22	21
340	22	22
341	23	1
342	23	2
343	23	3
344	23	4
345	23	5
346	23	6
347	23	7
348	23	9
349	23	13
350	23	15
351	23	16
352	23	17
353	23	18
354	23	19
355	23	20
356	23	22
357	24	1
358	24	2
359	24	3
360	24	4
361	24	6
362	24	8
363	24	10
364	24	12
365	24	14
366	24	15
367	24	18
368	24	19
369	24	20
370	24	22
371	25	1
372	25	2
373	25	3
374	25	4
375	25	6
376	25	7
377	25	8
378	25	12
379	25	14
380	25	15
381	25	16
382	25	18
383	25	19
384	25	22
385	26	1
386	26	2
387	26	3
388	26	4
389	26	6
390	26	12
391	26	14
392	26	15
393	26	16
394	26	19
395	26	20
396	27	1
397	27	2
398	27	3
399	27	4
400	27	9
401	27	12
402	27	15
403	27	16
404	27	19
405	27	20
406	27	21
407	27	22
408	28	1
409	28	2
410	28	3
411	28	4
412	28	5
413	28	6
414	28	10
415	28	16
416	28	17
417	28	18
418	28	19
419	28	21
\.


--
-- Data for Name: api_user_groups; Type: TABLE DATA; Schema: public; Owner: rafael
--

COPY public.api_user_groups (id, user_id, group_id) FROM stdin;
\.


--
-- Data for Name: api_user_strength_goals; Type: TABLE DATA; Schema: public; Owner: rafael
--

COPY public.api_user_strength_goals (id, user_id, strengthgoal_id) FROM stdin;
1	2	2
2	2	3
3	2	4
4	2	5
5	2	6
6	2	7
61	14	1
62	14	4
63	14	5
64	14	6
65	14	7
66	15	3
67	15	4
68	15	6
69	15	7
70	15	8
71	15	9
105	22	3
106	22	4
107	22	6
108	22	7
109	22	9
110	23	3
111	23	4
112	23	5
113	23	6
114	23	7
115	24	3
116	24	4
117	24	6
118	24	7
119	25	3
120	25	4
121	25	6
122	25	7
123	25	9
124	26	3
125	26	5
126	26	7
127	26	8
128	26	9
129	27	3
130	27	5
131	27	6
132	27	7
133	27	9
134	28	3
135	28	4
136	28	5
137	28	6
138	28	7
\.


--
-- Data for Name: api_user_user_permissions; Type: TABLE DATA; Schema: public; Owner: rafael
--

COPY public.api_user_user_permissions (id, user_id, permission_id) FROM stdin;
\.


--
-- Data for Name: api_userprofile; Type: TABLE DATA; Schema: public; Owner: rafael
--

COPY public.api_userprofile (id, name, age, weight, height, fitness_level, strength_goals, additional_goals, equipment, workout_time, workout_days, user_id) FROM stdin;
\.


--
-- Data for Name: api_workoutlog; Type: TABLE DATA; Schema: public; Owner: rafael
--

COPY public.api_workoutlog (id, date, user_id) FROM stdin;
\.


--
-- Data for Name: api_workoutplan; Type: TABLE DATA; Schema: public; Owner: rafael
--

COPY public.api_workoutplan (id, week_number, dashboard_background, workoutplan_background, plan_data, created_at, user_id) FROM stdin;
f0734c29-6301-4295-90bb-7fd64a536f6d	1	/media/workout_backgrounds/dashboard_background_f0734c29-6301-4295-90bb-7fd64a536f6d.jpg	/media/workout_backgrounds/workoutplan_background_f0734c29-6301-4295-90bb-7fd64a536f6d_KWkBDLg.jpg	{"workoutDays": [{"day": "Day 1: Chest and Triceps", "duration": "60 minutes", "exercises": [{"name": "Barbell Bench Press", "videoId": "lWFknlOTbyM", "setsReps": "3 sets of 8-12 reps", "equipment": "Barbell, Bench", "instructions": "Lie on the bench with your feet planted firmly on the ground. Grip the barbell slightly wider than shoulder-width apart. Lower the bar to your chest, then press it back up to the starting position."}, {"name": "Dumbbell Flyes", "videoId": "QENKPHhQVi4", "setsReps": "3 sets of 10-15 reps", "equipment": "Dumbbells, Bench", "instructions": "Lie on a flat bench with a dumbbell in each hand. Start with your arms extended above your chest, palms facing each other. Lower the dumbbells out to the sides, keeping a slight bend in your elbows, then bring them back together."}, {"name": "Tricep Dips", "videoId": "SLk3UUV8GuI", "setsReps": "3 sets of 8-12 reps", "equipment": "Bench", "instructions": "Sit on the edge of a bench with your hands next to your thighs. Slide your buttocks off the bench and lower your body by bending your elbows, then push back up to the starting position."}, {"name": "Push-Ups", "videoId": "ba8tr1NzwXU", "setsReps": "3 sets of 10-15 reps", "equipment": "Bodyweight", "instructions": "Get into a plank position with your hands slightly wider than shoulder-width apart. Lower your body until your chest nearly touches the floor, then push back up."}, {"name": "Overhead Tricep Extension", "videoId": "8FNGBJUHfsA", "setsReps": "3 sets of 10-12 reps", "equipment": "Dumbbell", "instructions": "Stand or sit with a dumbbell held overhead with both hands. Lower the dumbbell behind your head by bending your elbows, then raise it back to the starting position."}]}, {"day": "Day 2: Back and Biceps", "duration": "60 minutes", "exercises": [{"name": "Bent Over Barbell Rows", "videoId": "FWJR5Ve8bnQ", "setsReps": "3 sets of 8-12 reps", "equipment": "Barbell", "instructions": "Stand with your feet shoulder-width apart, bend your knees slightly, and hinge at the hips. Hold the barbell with an overhand grip and pull it towards your lower rib cage."}, {"name": "Pull-Ups", "videoId": "RhNyvtK-IaA", "setsReps": "3 sets of 6-10 reps", "equipment": "Pull-up Bar", "instructions": "Hang from a pull-up bar with your palms facing away. Pull yourself up until your chin is above the bar, then lower back down."}, {"name": "Seated Cable Rows", "videoId": "CsROhQ1onAg", "setsReps": "3 sets of 10-15 reps", "equipment": "Cable Machine", "instructions": "Sit at the cable row machine, grasp the handle with both hands, and pull it towards your abdomen while keeping your back straight."}, {"name": "Dumbbell Bicep Curls", "videoId": "ykJmrZ5v0Oo", "setsReps": "3 sets of 10-12 reps", "equipment": "Dumbbells", "instructions": "Stand with a dumbbell in each hand, arms at your sides. Curl the weights up towards your shoulders, then lower them back down."}, {"name": "Hammer Curls", "videoId": "BRVDS6HVR9Q", "setsReps": "3 sets of 10-12 reps", "equipment": "Dumbbells", "instructions": "Stand with a dumbbell in each hand, arms at your sides, palms facing your body. Curl the weights up while keeping your palms facing each other."}]}, {"day": "Day 3: Legs and Core", "duration": "60 minutes", "exercises": [{"name": "Squats", "videoId": "xqvCmoLULNY", "setsReps": "3 sets of 10-15 reps", "equipment": "Bodyweight or Barbell", "instructions": "Stand with your feet shoulder-width apart. Lower your body as if sitting back into a chair, keeping your chest up and knees behind your toes, then rise back up."}, {"name": "Leg Press", "videoId": "VFk3RzndUEc", "setsReps": "3 sets of 10-12 reps", "equipment": "Leg Press Machine", "instructions": "Sit on the leg press machine with your feet on the platform. Push the platform away by extending your legs, then return to the starting position."}, {"name": "Lunges", "videoId": "wrwwXE_x-pQ", "setsReps": "3 sets of 10-12 reps per leg", "equipment": "Bodyweight or Dumbbells", "instructions": "Stand upright, step forward with one leg, lowering your hips until both knees are bent at about a 90-degree angle, then push back to the starting position."}, {"name": "Plank", "videoId": "6LqqeBtFn9M", "setsReps": "3 sets of 30-60 seconds", "equipment": "Bodyweight", "instructions": "Lie face down, then lift your body off the ground with your forearms and toes, keeping your body in a straight line."}, {"name": "Medicine Ball Russian Twists", "videoId": "2_MsoqTpIJ8", "setsReps": "3 sets of 15-20 reps", "equipment": "Medicine Ball", "instructions": "Sit on the ground, lean back slightly, and hold a medicine ball. Rotate your torso to the right, then to the left to complete one rep."}]}, {"day": "Day 4: Cardio and Flexibility", "duration": "60 minutes", "exercises": [{"name": "Treadmill Intervals", "videoId": "ufhM_9eLU-s", "setsReps": "30 minutes", "equipment": "Treadmill", "instructions": "Alternate between 1 minute of sprinting and 2 minutes of walking for a total of 30 minutes."}, {"name": "Battle Ropes", "videoId": "pQb2xIGioyQ", "setsReps": "5 sets of 30 seconds", "equipment": "Battle Ropes", "instructions": "Stand with feet shoulder-width apart, hold the ropes, and create waves by alternating raising and lowering each arm."}, {"name": "Cool Down Stretching", "videoId": "gfzC9XMEypg", "setsReps": "10 minutes", "equipment": "Bodyweight", "instructions": "Perform static stretches focusing on major muscle groups, holding each stretch for 15-30 seconds."}]}], "additionalTips": ["Ensure proper form to prevent injuries.", "Stay hydrated throughout your workouts."]}	2024-10-23 18:02:09.113745+11	2
ed9b1ec0-13cc-4a07-a978-a54adfecb282	1	\N	\N	{"workoutDays": [{"day": "Day 1: Chest and Triceps", "duration": "60 minutes", "exercises": [{"name": "Barbell Bench Press", "videoId": "gRVjAtPip0Y", "setsReps": "3 sets of 8-12 reps", "equipment": "Barbell, Bench", "instructions": "Lie on the bench with your feet planted firmly on the ground. Grip the barbell slightly wider than shoulder-width apart. Lower the barbell to your chest, then press it back up to the starting position."}, {"name": "Inclined Bench Press", "videoId": "ic1cwKHUy20", "setsReps": "3 sets of 8-12 reps", "equipment": "Barbell, Inclined Bench", "instructions": "Set an inclined bench at a 30-45 degree angle. Lie back on the bench, grip the barbell slightly wider than shoulder-width apart, and lower it to your upper chest before pressing it back up."}, {"name": "Dumbbell Flyes", "videoId": "Nhvz9EzdJ4U", "setsReps": "3 sets of 10-15 reps", "equipment": "Dumbbells, Bench", "instructions": "Lie on a flat bench with a dumbbell in each hand, arms extended above your chest. Lower the dumbbells out to the sides in a wide arc until you feel a stretch in your chest, then bring them back to the starting position."}, {"name": "Tricep Dips", "videoId": "9llvBAV4RHI", "setsReps": "3 sets of 8-12 reps", "equipment": "Bench", "instructions": "Sit on the edge of a bench with your hands next to your thighs. Move your hips forward off the bench and lower your body by bending your elbows, then press back up to the starting position."}, {"name": "Push-Ups", "videoId": "HKH9p19PRLA", "setsReps": "3 sets of 10-15 reps", "equipment": "Bodyweight", "instructions": "Start in a plank position with your hands under your shoulders. Lower your body until your chest nearly touches the floor, then push back up to the starting position."}, {"name": "Overhead Dumbbell Tricep Extension", "videoId": "-Vyt2QdsR7E", "setsReps": "3 sets of 10-12 reps", "equipment": "Dumbbell", "instructions": "Stand or sit with a dumbbell held with both hands above your head. Lower the dumbbell behind your head by bending your elbows, then extend back to the starting position."}], "additionalTips": ["Ensure proper form to avoid injury, especially during the inclined bench press.", "Consider adjusting the weight to match your current strength level."]}, {"day": "Day 2: Back and Biceps", "duration": "60 minutes", "exercises": [{"name": "Pull-Ups", "videoId": "UUlOunupUmM", "setsReps": "3 sets of 5-10 reps", "equipment": "Pull-Up Bar", "instructions": "Grip the pull-up bar with palms facing away. Hang with arms fully extended, then pull your body up until your chin is above the bar."}, {"name": "Bent Over Barbell Row", "videoId": "FWJR5Ve8bnQ", "setsReps": "3 sets of 8-12 reps", "equipment": "Barbell", "instructions": "Stand with your feet shoulder-width apart, holding a barbell. Bend at the hips and knees, keeping your back straight, and pull the barbell towards your lower ribcage."}, {"name": "Dumbbell Bicep Curls", "videoId": "-a83cn3oayI", "setsReps": "3 sets of 10-15 reps", "equipment": "Dumbbells", "instructions": "Stand with a dumbbell in each hand, arms at your sides. Curl the weights up towards your shoulders, then lower back down."}, {"name": "Seated Cable Row", "videoId": "UCXxvVItLoM", "setsReps": "3 sets of 10-12 reps", "equipment": "Cable Machine", "instructions": "Sit at a cable row machine with feet planted. Pull the handle towards your abdomen while keeping your back straight."}, {"name": "Dumbbell Hammer Curls", "videoId": "OPqe0kCxmR8", "setsReps": "3 sets of 10-12 reps", "equipment": "Dumbbells", "instructions": "Stand with a dumbbell in each hand, arms at your sides. Curl the weights up while keeping your palms facing each other."}]}, {"day": "Day 3: Legs and Core", "duration": "60 minutes", "exercises": [{"name": "Barbell Squats", "videoId": "gcNh17Ckjgg", "setsReps": "3 sets of 8-12 reps", "equipment": "Barbell", "instructions": "Stand with feet shoulder-width apart, barbell resting on your upper back. Lower your body into a squat, keeping your chest up, then return to standing."}, {"name": "Leg Press Machine", "videoId": "p5dCqF7wWUw", "setsReps": "3 sets of 10-15 reps", "equipment": "Leg Press Machine", "instructions": "Sit on the leg press machine with your feet on the platform. Push the platform away by extending your legs, then return to the starting position."}, {"name": "Kettlebell Swings", "videoId": "DpMiOItcpmw", "setsReps": "3 sets of 12-15 reps", "equipment": "Kettlebell", "instructions": "Stand with feet shoulder-width apart, holding a kettlebell with both hands. Hinge at the hips to swing the kettlebell between your legs, then thrust your hips forward to swing it up to shoulder height."}, {"name": "Plank", "videoId": "pvIjsG5Svck", "setsReps": "3 sets of 30-60 seconds", "equipment": "Bodyweight", "instructions": "Lie face down, then lift your body off the ground, resting on your forearms and toes. Keep your body in a straight line."}, {"name": "Russian Twists", "videoId": "wkD8rjkodUI", "setsReps": "3 sets of 15-20 reps", "equipment": "Medicine Ball", "instructions": "Sit on the ground with your knees bent, holding a medicine ball. Lean back slightly and twist your torso to one side, then the other."}]}, {"day": "Day 4: Cardio and Core", "duration": "60 minutes", "exercises": [{"name": "Treadmill Running", "videoId": "zlnnCNg_iPM", "setsReps": "30 minutes", "equipment": "Treadmill", "instructions": "Start with a 5-minute warm-up walk, then run at a moderate pace for 20 minutes, and cool down with a 5-minute walk."}, {"name": "Mountain Climbers", "videoId": "kLh-uczlPLg", "setsReps": "3 sets of 30 seconds", "equipment": "Bodyweight", "instructions": "Start in a plank position, then quickly bring one knee towards your chest and switch legs in a running motion."}, {"name": "Bicycle Crunches", "videoId": "1we3bh9uhqY", "setsReps": "3 sets of 15-20 reps", "equipment": "Bodyweight", "instructions": "Lie on your back with your hands behind your head. Bring one knee towards your chest while twisting your torso to touch the opposite elbow to that knee, then switch sides."}, {"name": "Plank Shoulder Taps", "videoId": "jgQ49dXfznk", "setsReps": "3 sets of 10-15 reps per side", "equipment": "Bodyweight", "instructions": "Start in a plank position and tap your shoulder with the opposite hand, alternating sides."}, {"name": "Side Plank", "videoId": "N_s9em1xTqU", "setsReps": "3 sets of 30 seconds per side", "equipment": "Bodyweight", "instructions": "Lie on your side and lift your body off the ground, resting on one forearm and your feet. Keep your body in a straight line."}]}, {"day": "Day 5: Full Body and Stretching", "duration": "60 minutes", "exercises": [{"name": "Battle Ropes", "videoId": "zw0OMi00X5g", "setsReps": "3 sets of 30 seconds", "equipment": "Battle Ropes", "instructions": "Stand with feet shoulder-width apart, holding the battle ropes. Alternately wave the ropes up and down as quickly as possible."}, {"name": "Kettlebell Goblet Squats", "videoId": "IkcOjDnHwyI", "setsReps": "3 sets of 10-15 reps", "equipment": "Kettlebell", "instructions": "Hold a kettlebell at chest level with both hands. Squat down while keeping the kettlebell close to your chest, then return to standing."}, {"name": "Medicine Ball Slams", "videoId": "QxYhFwMd1Ks", "setsReps": "3 sets of 10-15 reps", "equipment": "Medicine Ball", "instructions": "Stand with feet shoulder-width apart, hold the medicine ball above your head, then slam it down to the ground with force."}, {"name": "Burpees", "videoId": "auBLPXO8Fww", "setsReps": "3 sets of 8-12 reps", "equipment": "Bodyweight", "instructions": "Start standing, drop into a squat, kick your feet back into a plank, return to squat, and jump up."}, {"name": "Foam Roller Stretching", "videoId": "KWGsSq0J1Bk", "setsReps": "10 minutes", "equipment": "Foam Roller", "instructions": "Use a foam roller on various muscle groups to relieve tension and improve flexibility."}]}], "additionalTips": ["Ensure proper form to prevent injuries.", "Stay hydrated throughout your workouts.", "Incorporate rest days as needed based on your recovery."]}	2024-10-25 11:05:40.383856+11	14
edb6a34e-9d25-432b-add0-ba243bcadf2e	1	\N	\N	{"workoutDays": [{"day": "Day 1: Chest and Triceps", "duration": "60 minutes", "exercises": [{"name": "Barbell Bench Press", "videoId": null, "setsReps": "3 sets of 8-12 reps", "equipment": "Barbell, Bench", "instructions": "Lie on the bench with your feet planted firmly on the ground. Grip the barbell slightly wider than shoulder-width. Lower the barbell to your chest, then press it back up to the starting position."}, {"name": "Dumbbell Flyes", "videoId": null, "setsReps": "3 sets of 10-15 reps", "equipment": "Dumbbells, Bench", "instructions": "Lie on a flat bench holding a dumbbell in each hand above your chest. With a slight bend in your elbows, lower the weights out to the sides until you feel a stretch in your chest, then bring them back together."}, {"name": "Triceps Dips", "videoId": null, "setsReps": "3 sets of 8-10 reps", "equipment": "Bench", "instructions": "Sit on the edge of a bench with your hands next to your hips. Slide off the bench and lower your body by bending your elbows, then push back up to the starting position."}, {"name": "Skull Crushers", "videoId": null, "setsReps": "3 sets of 10-12 reps", "equipment": "Dumbbells", "instructions": "Lie on a bench holding a dumbbell in each hand above your chest. Lower the weights towards your forehead by bending your elbows, then extend them back to the starting position."}, {"name": "Push-Ups", "videoId": null, "setsReps": "3 sets of 10-15 reps", "equipment": "Bodyweight", "instructions": "Start in a plank position with your hands shoulder-width apart. Lower your body until your chest nearly touches the ground, then push back up."}, {"name": "Cable Tricep Pushdown", "videoId": null, "setsReps": "3 sets of 10-15 reps", "equipment": "Cable Machine", "instructions": "Stand facing the cable machine, grip the bar with both hands. Keeping your elbows close to your body, push the bar down until your arms are fully extended, then return to the starting position."}, {"name": "Chest Stretch", "videoId": null, "setsReps": "Hold for 30 seconds", "equipment": "None", "instructions": "Stand tall and clasp your hands behind your back. Straighten your arms and lift your hands slightly to stretch your chest."}]}, {"day": "Day 2: Back and Biceps", "duration": "60 minutes", "exercises": [{"name": "Pull-Ups", "videoId": null, "setsReps": "3 sets of 6-10 reps", "equipment": "Pull-Up Bar", "instructions": "Hang from the pull-up bar with an overhand grip. Pull your body up until your chin is above the bar, then lower yourself back down."}, {"name": "Bent Over Barbell Rows", "videoId": null, "setsReps": "3 sets of 8-12 reps", "equipment": "Barbell", "instructions": "Stand with feet shoulder-width apart, bend your knees slightly, and hinge at your hips. Pull the barbell towards your lower ribcage, then lower it back down."}, {"name": "Dumbbell Bicep Curls", "videoId": null, "setsReps": "3 sets of 10-15 reps", "equipment": "Dumbbells", "instructions": "Stand with a dumbbell in each hand at your sides. Curl the weights up towards your shoulders, then lower them back down."}, {"name": "Seated Cable Rows", "videoId": null, "setsReps": "3 sets of 10-12 reps", "equipment": "Cable Machine", "instructions": "Sit at the cable machine with your feet on the platform. Pull the handle towards your abdomen, keeping your back straight, then return to the starting position."}, {"name": "Face Pulls", "videoId": null, "setsReps": "3 sets of 10-15 reps", "equipment": "Cable Machine", "instructions": "Stand facing the cable machine and pull the rope towards your face, keeping your elbows high."}, {"name": "Back Stretch", "videoId": null, "setsReps": "Hold for 30 seconds", "equipment": "None", "instructions": "Stand tall and reach your arms overhead. Lean to one side to stretch your back, then switch to the other side."}]}, {"day": "Day 3: Legs", "duration": "60 minutes", "exercises": [{"name": "Barbell Squats", "videoId": null, "setsReps": "3 sets of 8-12 reps", "equipment": "Barbell, Power Rack", "instructions": "Stand with feet shoulder-width apart under the barbell. Lower your body by bending your knees and hips, keeping your chest up, then return to standing."}, {"name": "Deadlifts", "videoId": null, "setsReps": "3 sets of 8-10 reps", "equipment": "Barbell", "instructions": "Stand with feet hip-width apart and the barbell on the ground. Bend at your hips and knees to grip the bar, then lift it by extending your hips and knees."}, {"name": "Lunges", "videoId": null, "setsReps": "3 sets of 10-12 reps per leg", "equipment": "Dumbbells", "instructions": "Stand tall with a dumbbell in each hand. Step forward with one leg and lower your hips until both knees are bent at about 90 degrees, then return to standing and switch legs."}, {"name": "Leg Press", "videoId": null, "setsReps": "3 sets of 10-12 reps", "equipment": "Leg Press Machine", "instructions": "Sit on the leg press machine with your feet on the platform. Push the platform away by extending your legs, then return to the starting position."}, {"name": "Calf Raises", "videoId": null, "setsReps": "3 sets of 12-15 reps", "equipment": "Bodyweight", "instructions": "Stand tall and raise your heels off the ground, balancing on your toes, then lower back down."}, {"name": "Leg Stretch", "videoId": null, "setsReps": "Hold for 30 seconds", "equipment": "None", "instructions": "Sit on the ground with your legs extended. Reach for your toes to stretch your hamstrings."}]}, {"day": "Day 4: Shoulders and Abs", "duration": "60 minutes", "exercises": [{"name": "Dumbbell Shoulder Press", "videoId": null, "setsReps": "3 sets of 8-12 reps", "equipment": "Dumbbells", "instructions": "Stand or sit with a dumbbell in each hand at shoulder height. Press the weights overhead until your arms are extended, then lower back down."}, {"name": "Lateral Raises", "videoId": null, "setsReps": "3 sets of 10-15 reps", "equipment": "Dumbbells", "instructions": "Stand with a dumbbell in each hand at your sides. Raise the weights out to the sides until they reach shoulder height, then lower back down."}, {"name": "Plank", "videoId": null, "setsReps": "3 sets of 30-60 seconds", "equipment": "Bodyweight", "instructions": "Get into a push-up position and hold your body in a straight line from head to heels."}, {"name": "Russian Twists", "videoId": null, "setsReps": "3 sets of 15-20 reps per side", "equipment": "Bodyweight", "instructions": "Sit on the ground with your knees bent. Lean back slightly and twist your torso to one side, then the other, while keeping your feet off the ground."}, {"name": "Hanging Leg Raises", "videoId": null, "setsReps": "3 sets of 8-10 reps", "equipment": "Pull-Up Bar", "instructions": "Hang from the pull-up bar and raise your legs until they are parallel to the ground, then lower back down."}, {"name": "Shoulder Stretch", "videoId": null, "setsReps": "Hold for 30 seconds", "equipment": "None", "instructions": "Bring one arm across your body and hold it with the opposite arm to stretch your shoulder."}]}, {"day": "Day 5: Cardio and Core", "duration": "60 minutes", "exercises": [{"name": "Rowing Machine Intervals", "videoId": null, "setsReps": "20 minutes", "equipment": "Rowing Machine", "instructions": "Row at a moderate pace for 1 minute, then increase intensity for 30 seconds. Repeat for 20 minutes."}, {"name": "Stationary Bike Sprints", "videoId": null, "setsReps": "20 minutes", "equipment": "Stationary Bike", "instructions": "Cycle at a moderate pace for 1 minute, then sprint for 30 seconds. Repeat for 20 minutes."}, {"name": "Plank to Push-Up", "videoId": null, "setsReps": "3 sets of 10 reps", "equipment": "Bodyweight", "instructions": "Start in a plank position, then push up into a push-up position one arm at a time, and return to plank."}, {"name": "Mountain Climbers", "videoId": null, "setsReps": "3 sets of 30 seconds", "equipment": "Bodyweight", "instructions": "Start in a push-up position and quickly alternate bringing your knees to your chest."}, {"name": "Bicycle Crunches", "videoId": null, "setsReps": "3 sets of 15-20 reps per side", "equipment": "Bodyweight", "instructions": "Lie on your back and bring your knees to a 90-degree angle. Alternate touching your elbow to the opposite knee while extending the other leg."}, {"name": "Core Stretch", "videoId": null, "setsReps": "Hold for 30 seconds", "equipment": "None", "instructions": "Kneel on the ground and stretch your arms forward, lowering your chest to the ground."}]}, {"day": "Day 6: Full Body Functional Training", "duration": "60 minutes", "exercises": [{"name": "Kettlebell Swings", "videoId": null, "setsReps": "3 sets of 12-15 reps", "equipment": "Kettlebell", "instructions": "Stand with feet shoulder-width apart, hold the kettlebell with both hands. Hinge at your hips and swing the kettlebell between your legs, then thrust your hips forward to swing it up to shoulder height."}, {"name": "Burpees", "videoId": null, "setsReps": "3 sets of 10-12 reps", "equipment": "Bodyweight", "instructions": "Start in a standing position, drop into a squat, kick your feet back into a plank, perform a push-up, return to squat position, and jump up."}, {"name": "Medicine Ball Slams", "videoId": null, "setsReps": "3 sets of 10-12 reps", "equipment": "Medicine Ball", "instructions": "Stand with feet shoulder-width apart, lift the medicine ball overhead, then slam it down to the ground with force."}, {"name": "Box Jumps", "videoId": null, "setsReps": "3 sets of 8-10 reps", "equipment": "Box", "instructions": "Stand in front of a box, squat slightly, and jump onto the box, landing softly, then step back down."}, {"name": "Battle Ropes", "videoId": null, "setsReps": "3 sets of 30 seconds", "equipment": "Battle Ropes", "instructions": "Hold the ends of the battle ropes and alternate waves by moving your arms up and down rapidly."}, {"name": "Cool Down Stretch", "videoId": null, "setsReps": "Hold for 30 seconds", "equipment": "None", "instructions": "Stand tall and reach your arms overhead, then lean to one side and then the other to stretch your sides."}]}], "additionalTips": ["Ensure proper form to prevent injuries.", "Stay hydrated throughout your workouts."]}	2024-10-25 19:41:05.831406+11	15
2740c63d-c145-4bdb-b52c-592384e67450	1	\N	\N	{"workoutDays": [{"day": "Day 1: Chest and Triceps", "duration": "60 minutes", "exercises": [{"name": "Barbell Bench Press", "videoId": "gRVjAtPip0Y", "setsReps": "3 sets of 8-12 reps", "equipment": "Barbell, Bench", "instructions": "Lie on the bench with your feet planted firmly on the ground. Grip the barbell slightly wider than shoulder-width. Lower the barbell to your chest, then press it back up to the starting position."}, {"name": "Dumbbell Flyes", "videoId": "Nhvz9EzdJ4U", "setsReps": "3 sets of 10-15 reps", "equipment": "Dumbbells, Bench", "instructions": "Lie on a flat bench holding a dumbbell in each hand above your chest. With a slight bend in your elbows, lower the weights out to the sides until you feel a stretch in your chest, then bring them back together."}, {"name": "Tricep Dips", "videoId": "9llvBAV4RHI", "setsReps": "3 sets of 8-10 reps", "equipment": "Bench or Dip Bars", "instructions": "Place your hands on a bench behind you, legs extended. Lower your body by bending your elbows until your arms are at a 90-degree angle, then push back up."}, {"name": "Push-Ups", "videoId": "HKH9p19PRLA", "setsReps": "3 sets of 12-15 reps", "equipment": "No equipment", "instructions": "Start in a plank position with your hands shoulder-width apart. Lower your body until your chest nearly touches the floor, then push back up."}, {"name": "Overhead Dumbbell Tricep Extension", "videoId": "-Vyt2QdsR7E", "setsReps": "3 sets of 10-12 reps", "equipment": "Dumbbell", "instructions": "Stand or sit with a dumbbell held with both hands above your head. Lower the dumbbell behind your head by bending your elbows, then lift it back to the starting position."}, {"name": "Plank", "videoId": "pvIjsG5Svck", "setsReps": "3 sets of 30-60 seconds", "equipment": "No equipment", "instructions": "Lie face down, then lift your body off the ground with your forearms and toes. Keep your body in a straight line from head to heels."}, {"name": "Chest Stretch", "videoId": "NePr1XKRTLU", "setsReps": "2 sets of 30 seconds", "equipment": "No equipment", "instructions": "Stand tall and clasp your hands behind your back. Straighten your arms and lift them slightly while opening your chest."}]}, {"day": "Day 2: Back and Biceps", "duration": "60 minutes", "exercises": [{"name": "Pull-Ups", "videoId": "UUlOunupUmM", "setsReps": "3 sets of 6-10 reps", "equipment": "Pull-Up Bar", "instructions": "Hang from the bar with an overhand grip. Pull your body up until your chin is above the bar, then lower back down."}, {"name": "Bent-Over Barbell Row", "videoId": "FWJR5Ve8bnQ", "setsReps": "3 sets of 8-12 reps", "equipment": "Barbell", "instructions": "Stand with your feet shoulder-width apart, bend at the hips and knees. Hold the barbell with an overhand grip and pull it towards your abdomen, then lower it back down."}, {"name": "Dumbbell Bicep Curl", "videoId": "ykJmrZ5v0Oo", "setsReps": "3 sets of 10-15 reps", "equipment": "Dumbbells", "instructions": "Stand with a dumbbell in each hand, arms at your sides. Curl the weights up to your shoulders, then lower back down."}, {"name": "Seated Cable Row", "videoId": "UCXxvVItLoM", "setsReps": "3 sets of 10-12 reps", "equipment": "Cable Machine", "instructions": "Sit at the cable row machine, grasp the handle with both hands. Pull the handle towards your abdomen while keeping your back straight."}, {"name": "Face Pulls", "videoId": "ljgqer1ZpXg", "setsReps": "3 sets of 12-15 reps", "equipment": "Cable Machine", "instructions": "Set the cable at upper chest height. Pull the cable towards your face with your elbows high, squeezing your shoulder blades together."}, {"name": "Back Stretch", "videoId": "FpIfMyfpCk0", "setsReps": "2 sets of 30 seconds", "equipment": "No equipment", "instructions": "Sit on the ground with your legs extended. Reach forward towards your toes while keeping your back straight."}]}, {"day": "Day 3: Legs and Core", "duration": "60 minutes", "exercises": [{"name": "Barbell Squats", "videoId": "gcNh17Ckjgg", "setsReps": "3 sets of 8-12 reps", "equipment": "Barbell", "instructions": "Stand with feet shoulder-width apart, barbell resting on your shoulders. Lower your body by bending your knees and hips, then push back up."}, {"name": "Leg Press", "videoId": "p5dCqF7wWUw", "setsReps": "3 sets of 10-15 reps", "equipment": "Leg Press Machine", "instructions": "Sit on the leg press machine, place your feet on the platform. Push the platform away by extending your legs, then return to the starting position."}, {"name": "Lunges", "videoId": "MxfTNXSFiYI", "setsReps": "3 sets of 10-12 reps per leg", "equipment": "Dumbbells", "instructions": "Stand upright, step forward with one leg and lower your hips until both knees are bent at about a 90-degree angle. Push back to the starting position."}, {"name": "Kettlebell Swings", "videoId": "DpMiOItcpmw", "setsReps": "3 sets of 12-15 reps", "equipment": "Kettlebell", "instructions": "Stand with feet shoulder-width apart, hold the kettlebell with both hands. Swing it between your legs and then thrust your hips forward to swing it to shoulder height."}, {"name": "Plank with Leg Lift", "videoId": "rGpw_cUfIAg", "setsReps": "3 sets of 10-12 reps per leg", "equipment": "No equipment", "instructions": "Get into a plank position, lift one leg towards the ceiling while keeping your hips stable, then lower it back down."}, {"name": "Russian Twists", "videoId": "wkD8rjkodUI", "setsReps": "3 sets of 15 reps per side", "equipment": "No equipment", "instructions": "Sit on the ground with your knees bent, lean back slightly. Rotate your torso to one side, then the other, while holding a weight if desired."}, {"name": "Hamstring Stretch", "videoId": "bOf2AOpG4qM", "setsReps": "2 sets of 30 seconds", "equipment": "No equipment", "instructions": "Sit on the ground with one leg extended and the other bent. Reach towards your toes of the extended leg."}]}, {"day": "Day 4: Cardio and Mobility", "duration": "60 minutes", "exercises": [{"name": "Treadmill Run", "videoId": "zlnnCNg_iPM", "setsReps": "30 minutes", "equipment": "Treadmill", "instructions": "Start with a 5-minute warm-up walk, then run at a steady pace for 20 minutes, followed by a 5-minute cool-down walk."}, {"name": "Rowing Machine", "videoId": "uCt53OWHa_c", "setsReps": "15 minutes", "equipment": "Rowing Machine", "instructions": "Set the rowing machine to a comfortable resistance. Row at a steady pace, focusing on form and breathing."}, {"name": "Yoga Flow", "videoId": "b1H3xO3x_Js", "setsReps": "15 minutes", "equipment": "Yoga Mat", "instructions": "Perform a series of yoga poses to improve flexibility and mobility, focusing on deep breathing."}, {"name": "Foam Rolling", "videoId": "Hu-rVZVSzxs", "setsReps": "10 minutes", "equipment": "Foam Roller", "instructions": "Use the foam roller on major muscle groups to release tension and improve recovery."}]}], "additionalTips": ["Ensure proper form to prevent injuries.", "Stay hydrated throughout your workouts."]}	2024-10-28 12:10:07.063339+11	22
89d640bb-4f4f-496b-8449-585ca150e351	1	\N	\N	{"workoutDays": [{"day": "Day 1: Chest and Triceps", "duration": "60 minutes", "exercises": [{"name": "Barbell Bench Press", "videoId": "gRVjAtPip0Y", "setsReps": "3 sets of 8-12 reps", "equipment": "Barbell, Bench", "instructions": "Lie on the bench with your feet planted firmly on the ground. Grip the barbell slightly wider than shoulder-width. Lower the bar to your chest, then push it back up to the starting position."}, {"name": "Dumbbell Flyes", "videoId": "Nhvz9EzdJ4U", "setsReps": "3 sets of 10-15 reps", "equipment": "Dumbbells, Bench", "instructions": "Lie on a flat bench holding a dumbbell in each hand above your chest. With a slight bend in your elbows, lower the weights out to the sides until you feel a stretch in your chest, then bring them back to the starting position."}, {"name": "Tricep Dips", "videoId": "9llvBAV4RHI", "setsReps": "3 sets of 8-12 reps", "equipment": "Bench", "instructions": "Sit on the edge of a bench with your hands next to your thighs. Move your buttocks off the bench and lower your body by bending your elbows. Push back up to the starting position."}, {"name": "Push-Ups", "videoId": "HKH9p19PRLA", "setsReps": "3 sets of 10-15 reps", "equipment": "No equipment", "instructions": "Start in a plank position with your hands slightly wider than shoulder-width. Lower your body until your chest nearly touches the floor, then push back up to the starting position."}, {"name": "Overhead Dumbbell Tricep Extension", "videoId": "-Vyt2QdsR7E", "setsReps": "3 sets of 10-12 reps", "equipment": "Dumbbell", "instructions": "Stand or sit holding a dumbbell with both hands above your head. Lower the dumbbell behind your head by bending your elbows, then raise it back to the starting position."}]}, {"day": "Day 2: Back and Biceps", "duration": "60 minutes", "exercises": [{"name": "Pull-Ups", "videoId": "UUlOunupUmM", "setsReps": "3 sets of 6-10 reps", "equipment": "Pull-Up Bar", "instructions": "Grip the pull-up bar with palms facing away from you. Pull your body up until your chin is above the bar, then lower yourself back to the starting position."}, {"name": "Bent Over Barbell Rows", "videoId": "FWJR5Ve8bnQ", "setsReps": "3 sets of 8-12 reps", "equipment": "Barbell", "instructions": "Stand with your feet shoulder-width apart, bend at the hips and knees, and hold the barbell with both hands. Pull the barbell towards your lower ribcage, then lower it back down."}, {"name": "Dumbbell Bicep Curls", "videoId": "-a83cn3oayI", "setsReps": "3 sets of 10-15 reps", "equipment": "Dumbbells", "instructions": "Stand with a dumbbell in each hand at your sides. Curl the weights up to your shoulders while keeping your elbows close to your body, then lower them back down."}, {"name": "Seated Cable Rows", "videoId": "UCXxvVItLoM", "setsReps": "3 sets of 8-12 reps", "equipment": "Cable Machine", "instructions": "Sit at the cable row machine with your feet on the platform. Pull the cable towards your torso while keeping your back straight, then return to the starting position."}, {"name": "Face Pulls", "videoId": "ljgqer1ZpXg", "setsReps": "3 sets of 10-15 reps", "equipment": "Cable Machine", "instructions": "Set the cable at upper chest height. Grip the rope attachment with both hands and pull towards your face while keeping your elbows high."}]}, {"day": "Day 3: Legs and Core", "duration": "60 minutes", "exercises": [{"name": "Barbell Squats", "videoId": "gcNh17Ckjgg", "setsReps": "3 sets of 8-12 reps", "equipment": "Barbell", "instructions": "Stand with your feet shoulder-width apart and the barbell across your upper back. Lower your body into a squat, keeping your chest up and knees out, then return to standing."}, {"name": "Leg Press", "videoId": "p5dCqF7wWUw", "setsReps": "3 sets of 10-15 reps", "equipment": "Leg Press Machine", "instructions": "Sit on the leg press machine with your back against the pad. Place your feet on the platform and push it away, then return to the starting position."}, {"name": "Kettlebell Swings", "videoId": "DpMiOItcpmw", "setsReps": "3 sets of 15-20 reps", "equipment": "Kettlebell", "instructions": "Stand with your feet shoulder-width apart, holding a kettlebell with both hands. Swing the kettlebell between your legs, then thrust your hips forward to swing it to shoulder height."}, {"name": "Plank", "videoId": "pvIjsG5Svck", "setsReps": "3 sets of 30-60 seconds", "equipment": "No equipment", "instructions": "Lie face down and lift your body off the ground with your forearms and toes. Keep your body in a straight line from head to heels."}, {"name": "Russian Twists", "videoId": "wkD8rjkodUI", "setsReps": "3 sets of 15-20 reps per side", "equipment": "No equipment", "instructions": "Sit on the ground with your knees bent. Lean back slightly and twist your torso to one side, then the other, while keeping your feet off the ground."}]}, {"day": "Day 4: Cardio and Core", "duration": "60 minutes", "exercises": [{"name": "Treadmill Running", "videoId": "u4vKNbrZnMY", "setsReps": "30 minutes steady pace", "equipment": "Treadmill", "instructions": "Warm up for 5 minutes, then run at a steady pace for 30 minutes. Cool down for 5 minutes."}, {"name": "Battle Ropes", "videoId": "DkyQwio9CN8", "setsReps": "5 sets of 30 seconds", "equipment": "Battle Ropes", "instructions": "Stand with feet shoulder-width apart, hold the ropes, and alternate waves for 30 seconds. Rest for 30 seconds between sets."}, {"name": "Bicycle Crunches", "videoId": "1we3bh9uhqY", "setsReps": "3 sets of 15-20 reps per side", "equipment": "No equipment", "instructions": "Lie on your back with your hands behind your head. Bring your knees to your chest and alternate touching your elbows to the opposite knees."}, {"name": "Side Plank", "videoId": "N_s9em1xTqU", "setsReps": "3 sets of 30 seconds per side", "equipment": "No equipment", "instructions": "Lie on your side and lift your body off the ground with your forearm, keeping your body in a straight line."}]}, {"day": "Day 5: Full Body and Flexibility", "duration": "60 minutes", "exercises": [{"name": "Kettlebell Deadlifts", "videoId": "l6gDwf3xC6s", "setsReps": "3 sets of 10-15 reps", "equipment": "Kettlebell", "instructions": "Stand with feet shoulder-width apart and kettlebell between your feet. Bend at the hips and knees to grab the kettlebell, then stand up straight."}, {"name": "Dumbbell Shoulder Press", "videoId": "qEwKCR5JCog", "setsReps": "3 sets of 8-12 reps", "equipment": "Dumbbells", "instructions": "Stand or sit with a dumbbell in each hand at shoulder height. Press the weights overhead until your arms are straight, then lower them back to shoulder height."}, {"name": "Burpees", "videoId": "auBLPXO8Fww", "setsReps": "3 sets of 10-15 reps", "equipment": "No equipment", "instructions": "Start in a standing position. Drop into a squat, kick your feet back into a plank, return to squat, then jump up."}, {"name": "Foam Rolling", "videoId": "Hu-rVZVSzxs", "setsReps": "10 minutes", "equipment": "Foam Roller", "instructions": "Use the foam roller on major muscle groups to release tension and improve recovery."}]}], "additionalTips": ["Ensure proper form to prevent injuries.", "Stay hydrated throughout your workouts."]}	2024-10-28 12:45:01.008131+11	23
44c3486a-4b25-47a0-abbd-26b33b21e11f	1	\N	\N	{"workoutDays": [{"day": "Day 1: Chest and Triceps", "duration": "60 minutes", "exercises": [{"name": "Barbell Bench Press", "videoId": "gRVjAtPip0Y", "setsReps": "3 sets of 8-12 reps", "equipment": "Barbell, Bench", "instructions": "Lie on the bench with your feet planted firmly on the ground. Grip the barbell slightly wider than shoulder-width. Lower the bar to your chest, then press it back up to the starting position."}, {"name": "Dumbbell Flyes", "videoId": "Nhvz9EzdJ4U", "setsReps": "3 sets of 10-15 reps", "equipment": "Dumbbells, Bench", "instructions": "Lie on a flat bench holding a dumbbell in each hand above your chest. With a slight bend in your elbows, lower the weights out to the sides until you feel a stretch. Bring the weights back to the starting position."}, {"name": "Tricep Dips", "videoId": "9llvBAV4RHI", "setsReps": "3 sets of 8-12 reps", "equipment": "Bench", "instructions": "Sit on the edge of a bench with your hands next to your hips. Slide off the bench and lower your body by bending your elbows. Push back up to the starting position."}, {"name": "Cable Tricep Pushdown", "videoId": "6Fzep104f0s", "setsReps": "3 sets of 10-15 reps", "equipment": "Cable Machine", "instructions": "Stand facing the cable machine. Grip the handle with both hands. Keeping your elbows close to your body, push the handle down until your arms are fully extended. Slowly return to the starting position."}, {"name": "Plank", "videoId": "pvIjsG5Svck", "setsReps": "3 sets of 30-60 seconds", "equipment": "No equipment", "instructions": "Get into a forearm plank position with your body in a straight line from head to heels. Engage your core and hold the position."}]}, {"day": "Day 2: Back and Biceps", "duration": "60 minutes", "exercises": [{"name": "Pull-Ups", "videoId": "UUlOunupUmM", "setsReps": "3 sets of 6-10 reps", "equipment": "No equipment", "instructions": "Hang from a pull-up bar with your hands shoulder-width apart. Pull your body up until your chin is above the bar, then lower back down."}, {"name": "Bent-Over Barbell Rows", "videoId": "FWJR5Ve8bnQ", "setsReps": "3 sets of 8-12 reps", "equipment": "Barbell", "instructions": "Stand with your feet shoulder-width apart, bend at the hips and knees, and hold the barbell with both hands. Pull the barbell towards your abdomen, then lower it back down."}, {"name": "Dumbbell Bicep Curls", "videoId": "-a83cn3oayI", "setsReps": "3 sets of 10-15 reps", "equipment": "Dumbbells", "instructions": "Stand with a dumbbell in each hand, arms at your sides. Curl the weights up towards your shoulders, then lower them back down."}, {"name": "Seated Cable Rows", "videoId": "UCXxvVItLoM", "setsReps": "3 sets of 10-15 reps", "equipment": "Cable Machine", "instructions": "Sit at a cable machine with your feet on the platform. Grip the handle and pull it towards your torso, squeezing your shoulder blades together. Return to the starting position."}, {"name": "Russian Twists", "videoId": "wkD8rjkodUI", "setsReps": "3 sets of 15-20 reps", "equipment": "No equipment", "instructions": "Sit on the floor with your knees bent. Lean back slightly and twist your torso to one side, then the other, while holding a weight or without."}]}, {"day": "Day 3: Legs and Core", "duration": "60 minutes", "exercises": [{"name": "Barbell Squats", "videoId": "gcNh17Ckjgg", "setsReps": "3 sets of 8-12 reps", "equipment": "Barbell", "instructions": "Stand with your feet shoulder-width apart and the barbell on your upper back. Lower your body into a squat, keeping your chest up and knees over your toes. Push through your heels to return to standing."}, {"name": "Deadlifts", "videoId": "AweC3UaM14o", "setsReps": "3 sets of 8-12 reps", "equipment": "Barbell", "instructions": "Stand with your feet hip-width apart, with the barbell on the floor in front of you. Bend at your hips and knees to grip the bar, then lift it by extending your hips and knees."}, {"name": "Lunges", "videoId": "MxfTNXSFiYI", "setsReps": "3 sets of 10-15 reps per leg", "equipment": "No equipment", "instructions": "Step forward with one leg and lower your hips until both knees are bent at about a 90-degree angle. Push back to the starting position and switch legs."}, {"name": "Leg Raises", "videoId": "U4L_6JEv9Jg", "setsReps": "3 sets of 10-15 reps", "equipment": "No equipment", "instructions": "Lie on your back with your legs straight. Lift your legs towards the ceiling while keeping them straight, then lower them back down without touching the floor."}, {"name": "Plank with Leg Lift", "videoId": "rGpw_cUfIAg", "setsReps": "3 sets of 10-12 reps per leg", "equipment": "No equipment", "instructions": "Get into a plank position. Lift one leg towards the ceiling while keeping your core engaged, then lower it back down and switch legs."}]}, {"day": "Day 4: Cardio and Flexibility", "duration": "60 minutes", "exercises": [{"name": "Treadmill Run", "videoId": "zlnnCNg_iPM", "setsReps": "30 minutes at a steady pace", "equipment": "Treadmill", "instructions": "Set the treadmill to a comfortable speed and run for 30 minutes, maintaining a steady pace."}, {"name": "Rowing Machine", "videoId": "uCt53OWHa_c", "setsReps": "15 minutes", "equipment": "Rowing Machine", "instructions": "Row at a moderate intensity for 15 minutes, focusing on your form and breathing."}, {"name": "Cool Down Stretch", "videoId": "gfzC9XMEypg", "setsReps": "15 minutes", "equipment": "Yoga Mat", "instructions": "Perform a series of stretches focusing on major muscle groups, holding each stretch for 20-30 seconds."}]}, {"day": "Day 5: Full Body Circuit", "duration": "60 minutes", "exercises": [{"name": "Kettlebell Swings", "videoId": "DpMiOItcpmw", "setsReps": "3 sets of 15-20 reps", "equipment": "Kettlebell", "instructions": "Stand with feet shoulder-width apart, holding a kettlebell with both hands. Hinge at your hips and swing the kettlebell between your legs, then thrust your hips forward to swing it up to shoulder height."}, {"name": "Burpees", "videoId": "auBLPXO8Fww", "setsReps": "3 sets of 10-15 reps", "equipment": "No equipment", "instructions": "From a standing position, drop into a squat, kick your feet back into a plank, perform a push-up, jump your feet back to your hands, and jump up explosively."}, {"name": "Mountain Climbers", "videoId": "kLh-uczlPLg", "setsReps": "3 sets of 30 seconds", "equipment": "No equipment", "instructions": "Start in a plank position and quickly alternate bringing your knees to your chest, maintaining a steady pace."}, {"name": "Dumbbell Shoulder Press", "videoId": "qEwKCR5JCog", "setsReps": "3 sets of 8-12 reps", "equipment": "Dumbbells", "instructions": "Stand or sit with a dumbbell in each hand at shoulder height. Press the weights overhead until your arms are fully extended, then lower back to the starting position."}, {"name": "Cool Down Stretch", "videoId": "gfzC9XMEypg", "setsReps": "10 minutes", "equipment": "Yoga Mat", "instructions": "Perform a series of stretches focusing on major muscle groups, holding each stretch for 20-30 seconds."}]}], "additionalTips": ["Ensure proper form to prevent injuries.", "Stay hydrated throughout your workouts."]}	2024-10-28 12:53:32.017024+11	24
2c192dca-5b6c-475a-a91b-a7b4d64a79dc	1	\N	\N	{"workoutDays": [{"day": "Day 1: Chest and Triceps", "duration": "60 minutes", "exercises": [{"name": "Barbell Bench Press", "videoId": "gRVjAtPip0Y", "setsReps": "3 sets of 8-12 reps", "equipment": "Barbell, Bench", "instructions": "Lie on the bench with your feet planted firmly on the ground. Grip the barbell slightly wider than shoulder-width apart. Lower the bar to your chest, then press it back up to the starting position."}, {"name": "Dumbbell Flyes", "videoId": "Nhvz9EzdJ4U", "setsReps": "3 sets of 10-15 reps", "equipment": "Dumbbells, Bench", "instructions": "Lie on a flat bench holding a dumbbell in each hand above your chest with palms facing each other. Slowly lower the weights out to the sides, keeping a slight bend in your elbows, then bring them back together above your chest."}, {"name": "Tricep Dips", "videoId": "9llvBAV4RHI", "setsReps": "3 sets of 8-12 reps", "equipment": "Bench", "instructions": "Sit on the edge of a bench with your hands next to your thighs. Move your buttocks off the bench and lower your body until your elbows are at about a 90-degree angle, then push back up."}, {"name": "Tricep Overhead Extension", "videoId": "1u18yJELsh0", "setsReps": "3 sets of 10-15 reps", "equipment": "Dumbbell", "instructions": "Stand or sit with a dumbbell held above your head with both hands. Lower the dumbbell behind your head by bending your elbows, then extend back to the starting position."}, {"name": "Push-Ups", "videoId": "HKH9p19PRLA", "setsReps": "3 sets of 10-15 reps", "equipment": "No equipment", "instructions": "Start in a plank position with your hands slightly wider than shoulder-width. Lower your body until your chest nearly touches the floor, then push back up to the starting position."}, {"name": "Cable Tricep Pushdown", "videoId": "6Fzep104f0s", "setsReps": "3 sets of 10-15 reps", "equipment": "Cable Machine", "instructions": "Stand facing the cable machine with a rope attachment. Grip the rope with both hands and pull it down until your arms are fully extended, then return to the starting position."}, {"name": "Stretch: Chest Stretch", "videoId": "tatrv67rou8", "setsReps": "Hold for 30 seconds", "equipment": "No equipment", "instructions": "Stand tall and clasp your hands behind your back. Gently pull your hands away from your back to feel a stretch across your chest."}]}, {"day": "Day 2: Back and Biceps", "duration": "60 minutes", "exercises": [{"name": "Barbell Deadlift", "videoId": "yPqv3ejnZvc", "setsReps": "3 sets of 8-12 reps", "equipment": "Barbell", "instructions": "Stand with your feet hip-width apart, barbell over your mid-foot. Bend at your hips and knees to grip the barbell, then lift it by extending your hips and knees until you're standing upright."}, {"name": "Pull-Ups", "videoId": "UUlOunupUmM", "setsReps": "3 sets of 6-10 reps", "equipment": "No equipment", "instructions": "Hang from a pull-up bar with your palms facing away. Pull your body up until your chin is above the bar, then lower back down."}, {"name": "Bent Over Dumbbell Rows", "videoId": "knB5Q4FN4ck", "setsReps": "3 sets of 10-15 reps", "equipment": "Dumbbells", "instructions": "Bend at your hips and knees while keeping your back straight. Hold a dumbbell in each hand and pull them towards your torso, squeezing your shoulder blades together."}, {"name": "Dumbbell Bicep Curls", "videoId": "-a83cn3oayI", "setsReps": "3 sets of 10-15 reps", "equipment": "Dumbbells", "instructions": "Stand with a dumbbell in each hand at your sides. Curl the weights up towards your shoulders, keeping your elbows close to your body."}, {"name": "Seated Cable Row", "videoId": "UCXxvVItLoM", "setsReps": "3 sets of 10-15 reps", "equipment": "Cable Machine", "instructions": "Sit at a cable row machine with your feet on the platform. Pull the handle towards your torso while keeping your back straight."}, {"name": "Hammer Curls", "videoId": "BRVDS6HVR9Q", "setsReps": "3 sets of 10-15 reps", "equipment": "Dumbbells", "instructions": "Stand with a dumbbell in each hand, palms facing your body. Curl the weights up towards your shoulders, keeping your elbows close to your body."}, {"name": "Stretch: Back Stretch", "videoId": "oi4Dq7uZfEg", "setsReps": "Hold for 30 seconds", "equipment": "No equipment", "instructions": "Stand tall and reach your arms overhead. Lean to one side to stretch your back, then switch to the other side."}]}, {"day": "Day 3: Legs and Shoulders", "duration": "60 minutes", "exercises": [{"name": "Barbell Squats", "videoId": "gcNh17Ckjgg", "setsReps": "3 sets of 8-12 reps", "equipment": "Barbell", "instructions": "Stand with your feet shoulder-width apart, barbell resting on your upper back. Lower your body by bending your knees until your thighs are parallel to the ground, then return to standing."}, {"name": "Leg Press", "videoId": "p5dCqF7wWUw", "setsReps": "3 sets of 10-15 reps", "equipment": "Leg Press Machine", "instructions": "Sit on the leg press machine with your back against the pad. Place your feet shoulder-width apart on the platform and push the weight away by extending your legs."}, {"name": "Dumbbell Shoulder Press", "videoId": "qEwKCR5JCog", "setsReps": "3 sets of 8-12 reps", "equipment": "Dumbbells", "instructions": "Sit or stand with a dumbbell in each hand at shoulder height. Press the weights overhead until your arms are fully extended, then lower back to shoulder height."}, {"name": "Lunges", "videoId": "MxfTNXSFiYI", "setsReps": "3 sets of 10-15 reps per leg", "equipment": "No equipment", "instructions": "Stand tall, step forward with one leg, lowering your hips until both knees are bent at about a 90-degree angle. Push back to the starting position and switch legs."}, {"name": "Kettlebell Swings", "videoId": "DpMiOItcpmw", "setsReps": "3 sets of 10-15 reps", "equipment": "Kettlebell", "instructions": "Stand with your feet shoulder-width apart, holding a kettlebell with both hands. Bend your knees slightly and hinge at the hips to swing the kettlebell between your legs, then thrust your hips forward to swing it up to shoulder height."}, {"name": "Calf Raises", "videoId": "eMTy3qylqnE", "setsReps": "3 sets of 15-20 reps", "equipment": "No equipment", "instructions": "Stand with your feet hip-width apart. Raise your heels off the ground, balancing on your toes, then lower back down."}, {"name": "Stretch: Leg Stretch", "videoId": "ju_dqMb3isE", "setsReps": "Hold for 30 seconds", "equipment": "No equipment", "instructions": "Sit on the floor with your legs extended. Reach towards your toes while keeping your back straight to stretch your hamstrings."}]}, {"day": "Day 4: Cardio and Core", "duration": "60 minutes", "exercises": [{"name": "Treadmill Running", "videoId": "u4vKNbrZnMY", "setsReps": "30 minutes", "equipment": "Treadmill", "instructions": "Set the treadmill to a comfortable pace and run for 30 minutes, maintaining a steady speed."}, {"name": "Plank", "videoId": "pvIjsG5Svck", "setsReps": "3 sets of 30-60 seconds", "equipment": "No equipment", "instructions": "Lie face down, then lift your body off the ground with your forearms and toes, keeping your body in a straight line."}, {"name": "Russian Twists", "videoId": "wkD8rjkodUI", "setsReps": "3 sets of 15-20 reps per side", "equipment": "No equipment", "instructions": "Sit on the floor with your knees bent. Lean back slightly and twist your torso to one side, then the other, while holding your hands together."}, {"name": "Bicycle Crunches", "videoId": "1we3bh9uhqY", "setsReps": "3 sets of 15-20 reps per side", "equipment": "No equipment", "instructions": "Lie on your back with your hands behind your head. Bring your knees up to a 90-degree angle and alternate bringing your elbow to the opposite knee."}, {"name": "Mountain Climbers", "videoId": "kLh-uczlPLg", "setsReps": "3 sets of 30-60 seconds", "equipment": "No equipment", "instructions": "Start in a plank position and quickly bring one knee towards your chest, alternating legs in a running motion."}, {"name": "Side Plank", "videoId": "N_s9em1xTqU", "setsReps": "3 sets of 30-60 seconds per side", "equipment": "No equipment", "instructions": "Lie on your side, lift your body off the ground with your forearm and feet, keeping your body in a straight line."}, {"name": "Stretch: Core Stretch", "videoId": "R0eqxnSyRkM", "setsReps": "Hold for 30 seconds", "equipment": "No equipment", "instructions": "Kneel on the floor and stretch your arms out in front of you while lowering your chest towards the ground."}]}], "additionalTips": ["Ensure proper form to prevent injuries.", "Stay hydrated throughout your workouts."]}	2024-10-28 13:29:54.696805+11	25
dfe249e2-5e0b-496b-bc80-1fe75fd7c4f9	1	\N	\N	{"workoutDays": [{"day": "Day 1: Chest and Triceps", "duration": "60 minutes", "exercises": [{"name": "Barbell Bench Press", "videoId": "gRVjAtPip0Y", "setsReps": "3 sets of 8-12 reps", "equipment": "Barbell, Bench", "instructions": "Lie on the bench with your feet planted firmly on the ground. Grip the barbell slightly wider than shoulder-width apart. Lower the bar to your chest and press it back up to the starting position."}, {"name": "Dumbbell Flyes", "videoId": "Nhvz9EzdJ4U", "setsReps": "3 sets of 10-15 reps", "equipment": "Dumbbells, Bench", "instructions": "Lie on a bench with a dumbbell in each hand. Extend your arms above your chest with a slight bend in your elbows. Lower the weights out to the sides until you feel a stretch in your chest, then bring them back together."}, {"name": "Tricep Dips", "videoId": "9llvBAV4RHI", "setsReps": "3 sets of 8-12 reps", "equipment": "Bench", "instructions": "Sit on the edge of a bench with your hands beside your hips. Move your hips off the bench and lower your body by bending your elbows. Push back up to the starting position."}, {"name": "Push-ups", "videoId": "HKH9p19PRLA", "setsReps": "3 sets of 12-15 reps", "equipment": "Bodyweight", "instructions": "Start in a plank position with your hands under your shoulders. Lower your body until your chest nearly touches the floor, then push back up to the starting position."}, {"name": "Overhead Dumbbell Tricep Extension", "videoId": "-Vyt2QdsR7E", "setsReps": "3 sets of 10-12 reps", "equipment": "Dumbbell", "instructions": "Hold a dumbbell with both hands above your head. Lower the dumbbell behind your head by bending your elbows. Raise it back to the starting position."}, {"name": "Plank", "videoId": "pvIjsG5Svck", "setsReps": "3 sets of 30-60 seconds", "equipment": "Bodyweight", "instructions": "Get into a push-up position, but rest on your forearms instead of your hands. Keep your body in a straight line from head to heels."}, {"name": "Chest Stretch", "videoId": "NePr1XKRTLU", "setsReps": "1 set of 30 seconds", "equipment": "Bodyweight", "instructions": "Stand tall, clasp your hands behind your back, and gently pull your arms away from your body to stretch your chest."}]}, {"day": "Day 2: Back and Biceps", "duration": "60 minutes", "exercises": [{"name": "Barbell Deadlift", "videoId": "yPqv3ejnZvc", "setsReps": "3 sets of 6-10 reps", "equipment": "Barbell", "instructions": "Stand with feet hip-width apart, grip the barbell with both hands. Keep your back straight as you lift the barbell by extending your hips and knees."}, {"name": "Pull-ups", "videoId": "UUlOunupUmM", "setsReps": "3 sets of 6-10 reps", "equipment": "Pull-up Bar", "instructions": "Hang from a pull-up bar with your palms facing away. Pull your body up until your chin is above the bar, then lower back down."}, {"name": "Dumbbell Rows", "videoId": "gfUg6qWohTk", "setsReps": "3 sets of 8-12 reps", "equipment": "Dumbbells", "instructions": "Place one knee and hand on a bench. With the other hand, lift a dumbbell towards your hip, keeping your elbow close to your body."}, {"name": "Barbell Bicep Curl", "videoId": "QZEqB6wUPxQ", "setsReps": "3 sets of 10-15 reps", "equipment": "Barbell", "instructions": "Stand with feet shoulder-width apart and hold a barbell with both hands. Curl the barbell towards your shoulders while keeping your elbows close to your sides."}, {"name": "Kettlebell Swings", "videoId": "DpMiOItcpmw", "setsReps": "3 sets of 15-20 reps", "equipment": "Kettlebell", "instructions": "Stand with feet shoulder-width apart, hold the kettlebell with both hands. Hinge at your hips and swing the kettlebell between your legs, then thrust your hips forward to swing it up to shoulder height."}, {"name": "Seated Cable Row", "videoId": "UCXxvVItLoM", "setsReps": "3 sets of 10-12 reps", "equipment": "Cable Machine", "instructions": "Sit at a cable row machine with feet on the platform. Grip the handle and pull it towards your torso, squeezing your shoulder blades together."}, {"name": "Back Stretch", "videoId": "FpIfMyfpCk0", "setsReps": "1 set of 30 seconds", "equipment": "Bodyweight", "instructions": "Sit on the floor with your legs extended. Reach forward towards your toes to stretch your back."}]}, {"day": "Day 3: Legs and Shoulders", "duration": "60 minutes", "exercises": [{"name": "Barbell Squats", "videoId": "gcNh17Ckjgg", "setsReps": "3 sets of 8-12 reps", "equipment": "Barbell", "instructions": "Stand with feet shoulder-width apart, hold the barbell across your upper back. Lower your body by bending your knees and hips while keeping your back straight."}, {"name": "Leg Press", "videoId": "p5dCqF7wWUw", "setsReps": "3 sets of 10-15 reps", "equipment": "Leg Press Machine", "instructions": "Sit on the leg press machine with your feet on the platform. Push the platform away by extending your legs, then return to the starting position."}, {"name": "Dumbbell Shoulder Press", "videoId": "qEwKCR5JCog", "setsReps": "3 sets of 8-12 reps", "equipment": "Dumbbells", "instructions": "Sit or stand with a dumbbell in each hand at shoulder height. Press the weights overhead until your arms are fully extended."}, {"name": "Lunges", "videoId": "MxfTNXSFiYI", "setsReps": "3 sets of 10-12 reps per leg", "equipment": "Bodyweight", "instructions": "Stand tall, step forward with one leg, and lower your hips until both knees are bent at about a 90-degree angle. Return to the starting position and switch legs."}, {"name": "Kettlebell Deadlifts", "videoId": "l6gDwf3xC6s", "setsReps": "3 sets of 10-15 reps", "equipment": "Kettlebell", "instructions": "Stand with feet shoulder-width apart, hold a kettlebell in front of you. Lower the kettlebell to the ground by bending at the hips and knees, then return to standing."}, {"name": "Calf Raises", "videoId": "eMTy3qylqnE", "setsReps": "3 sets of 15-20 reps", "equipment": "Bodyweight or Dumbbells", "instructions": "Stand with your feet shoulder-width apart. Raise your heels off the ground and hold for a moment before lowering back down."}, {"name": "Shoulder Stretch", "videoId": "6jHsraw2NIk", "setsReps": "1 set of 30 seconds", "equipment": "Bodyweight", "instructions": "Bring one arm across your body and hold it with the opposite hand to stretch your shoulder."}]}, {"day": "Day 4: Cardio and Core", "duration": "60 minutes", "exercises": [{"name": "Treadmill Running", "videoId": "u4vKNbrZnMY", "setsReps": "30 minutes", "equipment": "Treadmill", "instructions": "Warm up for 5 minutes, then run at a steady pace for 20 minutes, followed by a 5-minute cool down."}, {"name": "Rowing Machine", "videoId": "uCt53OWHa_c", "setsReps": "10 minutes", "equipment": "Rowing Machine", "instructions": "Set the rowing machine to a moderate resistance and row steadily for 10 minutes."}, {"name": "Russian Twists", "videoId": "wkD8rjkodUI", "setsReps": "3 sets of 15-20 reps per side", "equipment": "Bodyweight or Dumbbell", "instructions": "Sit on the floor with your knees bent. Lean back slightly and twist your torso to touch the ground on each side."}, {"name": "Plank with Shoulder Taps", "videoId": "jgQ49dXfznk", "setsReps": "3 sets of 10-15 taps per side", "equipment": "Bodyweight", "instructions": "Start in a plank position and alternate tapping your shoulders with your opposite hand."}, {"name": "Leg Raises", "videoId": "U4L_6JEv9Jg", "setsReps": "3 sets of 10-15 reps", "equipment": "Bodyweight", "instructions": "Lie flat on your back, lift your legs up to a 90-degree angle, then lower them back down without touching the floor."}, {"name": "Bicycle Crunches", "videoId": "1we3bh9uhqY", "setsReps": "3 sets of 15-20 reps", "equipment": "Bodyweight", "instructions": "Lie on your back, bring your knees towards your chest, and alternate touching your elbows to the opposite knee."}, {"name": "Foam Rolling", "videoId": "Hu-rVZVSzxs", "setsReps": "1 set of 10 minutes", "equipment": "Foam Roller", "instructions": "Use a foam roller to roll out your muscles, focusing on any tight areas."}]}], "additionalTips": ["Ensure proper form to prevent injuries.", "Stay hydrated throughout your workouts."]}	2024-10-28 13:49:13.918274+11	26
ec193804-53fc-4b81-8e77-c3f288fc520c	1	\N	\N	{"workoutDays": [{"day": "Day 1: Chest and Triceps", "duration": "60 minutes", "exercises": [{"name": "Barbell Bench Press", "videoId": "gRVjAtPip0Y", "setsReps": "3 sets of 8-12 reps", "equipment": "Barbell, Bench", "instructions": "Lie on the bench with your feet planted firmly on the ground. Grip the barbell slightly wider than shoulder-width. Lower the barbell to your chest, then press it back up to the starting position."}, {"name": "Dumbbell Flyes", "videoId": "Nhvz9EzdJ4U", "setsReps": "3 sets of 10-15 reps", "equipment": "Dumbbells, Bench", "instructions": "Lie on a flat bench holding a dumbbell in each hand above your chest. With a slight bend in your elbows, lower the dumbbells out to the sides until you feel a stretch in your chest. Bring them back to the starting position."}, {"name": "Tricep Dips", "videoId": "9llvBAV4RHI", "setsReps": "3 sets of 8-12 reps", "equipment": "Bench", "instructions": "Sit on the edge of a bench with your hands next to your thighs. Slide your butt off the bench and lower your body by bending your elbows. Push back up to the starting position."}, {"name": "Overhead Dumbbell Tricep Extension", "videoId": "-Vyt2QdsR7E", "setsReps": "3 sets of 10-15 reps", "equipment": "Dumbbell", "instructions": "Stand or sit with a dumbbell held overhead with both hands. Lower the dumbbell behind your head by bending your elbows, then raise it back to the starting position."}, {"name": "Push-Ups", "videoId": "0pkjOk0EiAk", "setsReps": "3 sets of 8-12 reps", "equipment": "No equipment", "instructions": "Start in a plank position with your hands shoulder-width apart. Lower your body until your chest nearly touches the floor, then push back up to the starting position."}, {"name": "Plank", "videoId": "pvIjsG5Svck", "setsReps": "3 sets of 30-60 seconds", "equipment": "No equipment", "instructions": "Lie face down, then lift your body off the ground with your forearms and toes. Keep your body in a straight line from head to heels."}, {"name": "Chest Stretch", "videoId": "NePr1XKRTLU", "setsReps": "1 set of 30 seconds", "equipment": "No equipment", "instructions": "Stand in a doorway, place your arms on the frame and lean forward to stretch your chest."}]}, {"day": "Day 2: Back and Biceps", "duration": "60 minutes", "exercises": [{"name": "Pull-Ups", "videoId": "UUlOunupUmM", "setsReps": "3 sets of 5-10 reps", "equipment": "Pull-Up Bar", "instructions": "Grip the bar with your palms facing away. Hang with your arms fully extended, then pull yourself up until your chin is above the bar."}, {"name": "Bent Over Barbell Rows", "videoId": "FWJR5Ve8bnQ", "setsReps": "3 sets of 8-12 reps", "equipment": "Barbell", "instructions": "Stand with your feet shoulder-width apart, bend at the hips and knees, and hold the barbell with both hands. Pull the barbell towards your abdomen, then lower it back down."}, {"name": "Dumbbell Bicep Curls", "videoId": "-a83cn3oayI", "setsReps": "3 sets of 10-15 reps", "equipment": "Dumbbells", "instructions": "Stand with a dumbbell in each hand at your sides. Curl the weights up towards your shoulders, then lower them back down."}, {"name": "Seated Cable Rows", "videoId": "UCXxvVItLoM", "setsReps": "3 sets of 10-15 reps", "equipment": "Cable Machine", "instructions": "Sit at the machine with your feet on the platform. Pull the handle towards your abdomen, squeezing your shoulder blades together, then return to the starting position."}, {"name": "Face Pulls", "videoId": "ljgqer1ZpXg", "setsReps": "3 sets of 10-15 reps", "equipment": "Cable Machine", "instructions": "Set the cable at upper chest level. Grip the rope attachment with both hands and pull towards your face, keeping your elbows high."}, {"name": "Bicycle Crunches", "videoId": "1we3bh9uhqY", "setsReps": "3 sets of 15-20 reps", "equipment": "No equipment", "instructions": "Lie on your back, lift your legs and alternate bringing your elbows to your opposite knees."}, {"name": "Back Stretch", "videoId": "FpIfMyfpCk0", "setsReps": "1 set of 30 seconds", "equipment": "No equipment", "instructions": "Stand tall and reach your arms overhead, then lean to one side to stretch your back."}]}, {"day": "Day 3: Legs and Shoulders", "duration": "60 minutes", "exercises": [{"name": "Leg Press", "videoId": "p5dCqF7wWUw", "setsReps": "3 sets of 10-15 reps", "equipment": "Leg Press Machine", "instructions": "Sit down on the leg press machine with your back against the pad. Place your feet on the platform and push away, then return to the starting position."}, {"name": "Dumbbell Lunges", "videoId": "9gglI77Kzq8", "setsReps": "3 sets of 10-12 reps per leg", "equipment": "Dumbbells", "instructions": "Stand with a dumbbell in each hand. Step forward with one leg and lower your body until both knees are bent at 90 degrees, then push back to the starting position."}, {"name": "Shoulder Press", "videoId": "qEwKCR5JCog", "setsReps": "3 sets of 8-12 reps", "equipment": "Dumbbells", "instructions": "Stand or sit with a dumbbell in each hand at shoulder height. Press the weights overhead until your arms are fully extended, then lower back down."}, {"name": "Kettlebell Swings", "videoId": "DpMiOItcpmw", "setsReps": "3 sets of 15-20 reps", "equipment": "Kettlebell", "instructions": "Stand with your feet shoulder-width apart and hold a kettlebell with both hands. Swing the kettlebell between your legs, then thrust your hips forward to swing it up to shoulder height."}, {"name": "Calf Raises", "videoId": "eMTy3qylqnE", "setsReps": "3 sets of 15-20 reps", "equipment": "No equipment", "instructions": "Stand tall and lift your heels off the ground, balancing on your toes. Lower back down."}, {"name": "Side Lateral Raises", "videoId": "JIhbYYA1Q90", "setsReps": "3 sets of 10-15 reps", "equipment": "Dumbbells", "instructions": "Stand with a dumbbell in each hand at your sides. Raise the weights out to the sides until they are shoulder height, then lower them back down."}, {"name": "Leg Stretch", "videoId": "guOj99WPZnw", "setsReps": "1 set of 30 seconds", "equipment": "No equipment", "instructions": "Sit on the floor with your legs extended. Reach towards your toes to stretch your hamstrings."}]}, {"day": "Day 4: Cardio and Core", "duration": "60 minutes", "exercises": [{"name": "Treadmill Jogging", "videoId": "zlnnCNg_iPM", "setsReps": "30 minutes", "equipment": "Treadmill", "instructions": "Start with a warm-up walk for 5 minutes, then jog at a moderate pace for 20 minutes, followed by a cool-down walk for 5 minutes."}, {"name": "Jump Rope", "videoId": "O0sgZQ-mESs", "setsReps": "5 sets of 1 minute", "equipment": "Jump Rope", "instructions": "Jump rope at a steady pace for 1 minute, rest for 30 seconds between sets."}, {"name": "Russian Twists", "videoId": "wkD8rjkodUI", "setsReps": "3 sets of 15-20 reps", "equipment": "No equipment", "instructions": "Sit on the ground with your knees bent. Lean back slightly and twist your torso to touch the ground beside you, alternating sides."}, {"name": "Mountain Climbers", "videoId": "kLh-uczlPLg", "setsReps": "3 sets of 30 seconds", "equipment": "No equipment", "instructions": "Start in a plank position and alternate bringing your knees towards your chest quickly."}, {"name": "Plank with Shoulder Taps", "videoId": "jgQ49dXfznk", "setsReps": "3 sets of 10-15 reps", "equipment": "No equipment", "instructions": "In a plank position, lift one hand to tap the opposite shoulder, alternating sides while maintaining your balance."}, {"name": "Foam Roller Stretch", "videoId": "KWGsSq0J1Bk", "setsReps": "1 set of 30 seconds", "equipment": "Foam Roller", "instructions": "Use the foam roller to roll out your back, quads, and calves to relieve muscle tension."}, {"name": "Core Stretch", "videoId": "R0eqxnSyRkM", "setsReps": "1 set of 30 seconds", "equipment": "No equipment", "instructions": "Lie on your stomach and lift your chest off the ground, stretching your core."}]}], "additionalTips": ["Ensure proper form to prevent injuries.", "Stay hydrated throughout your workouts."]}	2024-10-28 15:14:52.386942+11	27
11306cae-1cea-4531-8f6a-d132536bf581	1	\N	\N	{"workoutDays": [{"day": "Day 1: Chest and Triceps", "duration": "60 minutes", "exercises": [{"name": "Barbell Bench Press", "videoId": "gRVjAtPip0Y", "setsReps": "3 sets of 8-12 reps", "equipment": "Barbell, Bench", "instructions": "Lie on the bench with your feet planted firmly on the ground. Grip the barbell slightly wider than shoulder-width. Lower the barbell to your chest, then press it back up to the starting position."}, {"name": "Dumbbell Flyes", "videoId": "Nhvz9EzdJ4U", "setsReps": "3 sets of 10-15 reps", "equipment": "Dumbbells, Bench", "instructions": "Lie on a flat bench holding a dumbbell in each hand above your chest with palms facing each other. Slowly lower the dumbbells out to the sides while maintaining a slight bend in your elbows, then return to the starting position."}, {"name": "Tricep Dips", "videoId": "9llvBAV4RHI", "setsReps": "3 sets of 8-12 reps", "equipment": "Bench or Dip Station", "instructions": "Position your hands shoulder-width apart on a bench. Extend your legs out in front of you. Lower your body by bending your elbows until they are at a 90-degree angle, then push back up to the starting position."}, {"name": "Cable Tricep Pushdown", "videoId": "6Fzep104f0s", "setsReps": "3 sets of 10-15 reps", "equipment": "Cable Machine", "instructions": "Stand facing the cable machine with a straight bar attached. Grip the bar with both hands, elbows close to your body. Push the bar down until your arms are fully extended, then return to the starting position."}, {"name": "Incline Dumbbell Press", "videoId": "PGXDLiwBT1I", "setsReps": "3 sets of 8-12 reps", "equipment": "Dumbbells, Incline Bench", "instructions": "Set the bench to an incline position. Lie back on the bench holding a dumbbell in each hand at shoulder level. Press the dumbbells up until your arms are fully extended, then lower them back to the starting position."}], "additionalTips": ["Ensure proper form to prevent injuries.", "Warm up before starting the workout."]}, {"day": "Day 2: Back and Biceps", "duration": "60 minutes", "exercises": [{"name": "Barbell Deadlift", "videoId": "yPqv3ejnZvc", "setsReps": "3 sets of 6-10 reps", "equipment": "Barbell", "instructions": "Stand with your feet shoulder-width apart and the barbell over your mid-foot. Bend at the hips and knees to grip the bar. Keep your back straight as you lift the bar by extending your hips and knees."}, {"name": "Bent-Over Dumbbell Rows", "videoId": "knB5Q4FN4ck", "setsReps": "3 sets of 8-12 reps", "equipment": "Dumbbells", "instructions": "Bend at the waist with a dumbbell in each hand. Pull the dumbbells towards your hips while keeping your elbows close to your body. Lower them back to the starting position."}, {"name": "Pull-Ups", "videoId": "UUlOunupUmM", "setsReps": "3 sets of 6-10 reps", "equipment": "Pull-Up Bar", "instructions": "Grip the pull-up bar with palms facing away. Pull your body up until your chin is above the bar, then lower back down."}, {"name": "Bicep Curls", "videoId": "803JIAWBj_c", "setsReps": "3 sets of 10-15 reps", "equipment": "Dumbbells", "instructions": "Stand with a dumbbell in each hand at your sides. Curl the weights up towards your shoulders while keeping your elbows close to your body, then lower back down."}, {"name": "Face Pulls", "videoId": "ljgqer1ZpXg", "setsReps": "3 sets of 10-15 reps", "equipment": "Cable Machine", "instructions": "Attach a rope to a cable machine at upper chest height. Pull the rope towards your face while keeping your elbows high, then return to the starting position."}]}, {"day": "Day 3: Legs and Shoulders", "duration": "60 minutes", "exercises": [{"name": "Squats", "videoId": "HFnSsLIB7a4", "setsReps": "3 sets of 8-12 reps", "equipment": "Barbell", "instructions": "Stand with feet shoulder-width apart, barbell resting on your upper back. Lower your body by bending your knees until your thighs are parallel to the ground, then push back up to standing."}, {"name": "Leg Press", "videoId": "p5dCqF7wWUw", "setsReps": "3 sets of 10-15 reps", "equipment": "Leg Press Machine", "instructions": "Sit on the leg press machine with feet shoulder-width apart on the platform. Lower the platform by bending your knees, then push back up to the starting position."}, {"name": "Dumbbell Shoulder Press", "videoId": "qEwKCR5JCog", "setsReps": "3 sets of 8-12 reps", "equipment": "Dumbbells", "instructions": "Sit or stand with a dumbbell in each hand at shoulder height. Press the weights overhead until your arms are fully extended, then lower back to the starting position."}, {"name": "Lateral Raises", "videoId": "HeovYNoZDRg", "setsReps": "3 sets of 10-15 reps", "equipment": "Dumbbells", "instructions": "Stand with a dumbbell in each hand at your sides. Raise the weights out to the sides until they reach shoulder height, then lower back down."}, {"name": "Calf Raises", "videoId": "eMTy3qylqnE", "setsReps": "3 sets of 12-15 reps", "equipment": "Bodyweight or Dumbbells", "instructions": "Stand with your feet shoulder-width apart. Raise your heels off the ground as high as possible, then lower back down."}]}, {"day": "Day 4: Cardio and Core", "duration": "60 minutes", "exercises": [{"name": "Treadmill Intervals", "videoId": "zlnnCNg_iPM", "setsReps": "30 minutes", "equipment": "Treadmill", "instructions": "Alternate between 1 minute of sprinting and 2 minutes of walking for a total of 30 minutes."}, {"name": "Plank", "videoId": "pvIjsG5Svck", "setsReps": "3 sets of 30-60 seconds", "equipment": "Bodyweight", "instructions": "Lie face down, then lift your body off the ground with your forearms and toes. Keep your body in a straight line from head to heels."}, {"name": "Russian Twists", "videoId": "wkD8rjkodUI", "setsReps": "3 sets of 15-20 reps", "equipment": "Bodyweight or Dumbbell", "instructions": "Sit on the floor with your knees bent. Lean back slightly, holding a weight with both hands. Twist your torso to one side, then the other."}, {"name": "Bicycle Crunches", "videoId": "1we3bh9uhqY", "setsReps": "3 sets of 15-20 reps", "equipment": "Bodyweight", "instructions": "Lie on your back with your hands behind your head. Bring your knees up and alternate bringing your elbow to the opposite knee in a pedaling motion."}, {"name": "Mountain Climbers", "videoId": "kLh-uczlPLg", "setsReps": "3 sets of 30 seconds", "equipment": "Bodyweight", "instructions": "Start in a plank position. Quickly drive your knees towards your chest, alternating legs as if you are running in place."}]}], "additionalTips": ["Ensure proper form to prevent injuries.", "Stay hydrated throughout your workouts.", "Incorporate stretching after each workout for better recovery."]}	2024-11-20 13:16:10.112115+11	28
\.


--
-- Data for Name: api_workoutsession; Type: TABLE DATA; Schema: public; Owner: rafael
--

COPY public.api_workoutsession (id, date, user_id) FROM stdin;
\.


--
-- Data for Name: api_youtubevideo; Type: TABLE DATA; Schema: public; Owner: rafael
--

COPY public.api_youtubevideo (id, video_id, title, thumbnail_url, video_url, cached_at, exercise_name) FROM stdin;
1	gRVjAtPip0Y	How to Perform Bench Press - Tutorial &amp; Proper Form	https://i.ytimg.com/vi/gRVjAtPip0Y/hqdefault.jpg	https://www.youtube.com/watch?v=gRVjAtPip0Y	2024-10-28 12:09:54.75858+11	barbellbenchpress
2	Nhvz9EzdJ4U	How To Do A Dumbbell Chest Fly	https://i.ytimg.com/vi/Nhvz9EzdJ4U/hqdefault.jpg	https://www.youtube.com/watch?v=Nhvz9EzdJ4U	2024-10-28 12:09:55.372864+11	dumbbellflyes
3	9llvBAV4RHI	STOP Doing Tricep Dips Like This! (SAVE A FRIEND)	https://i.ytimg.com/vi/9llvBAV4RHI/hqdefault.jpg	https://www.youtube.com/watch?v=9llvBAV4RHI	2024-10-28 12:09:55.988202+11	tricepdips
5	-Vyt2QdsR7E	How To: Standing Overhead Dumbbell Tricep Extension	https://i.ytimg.com/vi/-Vyt2QdsR7E/hqdefault.jpg	https://www.youtube.com/watch?v=-Vyt2QdsR7E	2024-10-28 12:09:57.217931+11	overheaddumbbelltricepextension
6	pvIjsG5Svck	Core Exercise: Plank	https://i.ytimg.com/vi/pvIjsG5Svck/hqdefault.jpg	https://www.youtube.com/watch?v=pvIjsG5Svck	2024-10-28 12:09:57.562494+11	plank
7	NePr1XKRTLU	Chest Stretches for Tight or Sore Muscles - Ask Doctor Jo	https://i.ytimg.com/vi/NePr1XKRTLU/hqdefault.jpg	https://www.youtube.com/watch?v=NePr1XKRTLU	2024-10-28 12:09:57.931059+11	cheststretch
8	UUlOunupUmM	Pull-Ups | Refastenable Sides	https://i.ytimg.com/vi/UUlOunupUmM/hqdefault.jpg	https://www.youtube.com/watch?v=UUlOunupUmM	2024-10-28 12:09:58.551823+11	pullups
9	FWJR5Ve8bnQ	How to do the BENT-OVER BARBELL ROW! | 2 Minute Tutorial	https://i.ytimg.com/vi/FWJR5Ve8bnQ/hqdefault.jpg	https://www.youtube.com/watch?v=FWJR5Ve8bnQ	2024-10-28 12:09:59.060368+11	bentoverbarbellrow
10	ykJmrZ5v0Oo	How to Do a Dumbbell Biceps Curl | Arm Workout	https://i.ytimg.com/vi/ykJmrZ5v0Oo/hqdefault.jpg	https://www.youtube.com/watch?v=ykJmrZ5v0Oo	2024-10-28 12:09:59.671965+11	dumbbellbicepcurl
11	UCXxvVItLoM	Seated Cable Row	https://i.ytimg.com/vi/UCXxvVItLoM/hqdefault.jpg	https://www.youtube.com/watch?v=UCXxvVItLoM	2024-10-28 12:10:00.08065+11	seatedcablerow
12	ljgqer1ZpXg	STOP F*cking Up Face Pulls (PROPER FORM!)	https://i.ytimg.com/vi/ljgqer1ZpXg/hqdefault.jpg	https://www.youtube.com/watch?v=ljgqer1ZpXg	2024-10-28 12:10:00.655686+11	facepulls
13	FpIfMyfpCk0	Back Stretch for Older Adults	https://i.ytimg.com/vi/FpIfMyfpCk0/hqdefault.jpg	https://www.youtube.com/watch?v=FpIfMyfpCk0	2024-10-28 12:10:01.186442+11	backstretch
14	gcNh17Ckjgg	How to PROPERLY Squat for Growth (4 Easy Steps)	https://i.ytimg.com/vi/gcNh17Ckjgg/hqdefault.jpg	https://www.youtube.com/watch?v=gcNh17Ckjgg	2024-10-28 12:10:01.620376+11	barbellsquats
15	p5dCqF7wWUw	How To Use The Leg Press Machine	https://i.ytimg.com/vi/p5dCqF7wWUw/hqdefault.jpg	https://www.youtube.com/watch?v=p5dCqF7wWUw	2024-10-28 12:10:02.234863+11	legpress
16	MxfTNXSFiYI	Forward Lunges Exercise Demonstration	https://i.ytimg.com/vi/MxfTNXSFiYI/hqdefault.jpg	https://www.youtube.com/watch?v=MxfTNXSFiYI	2024-10-28 12:10:02.847584+11	lunges
17	DpMiOItcpmw	The  KING of ALL Exercises? Kettlebell Swings	https://i.ytimg.com/vi/DpMiOItcpmw/hqdefault.jpg	https://www.youtube.com/watch?v=DpMiOItcpmw	2024-10-28 12:10:03.370332+11	kettlebellswings
18	rGpw_cUfIAg	Planks with Leg Lift - Ask Doctor Jo	https://i.ytimg.com/vi/rGpw_cUfIAg/hqdefault.jpg	https://www.youtube.com/watch?v=rGpw_cUfIAg	2024-10-28 12:10:03.717112+11	plankwithleglift
19	wkD8rjkodUI	How to Do a Russian Twist | Ab Workout	https://i.ytimg.com/vi/wkD8rjkodUI/hqdefault.jpg	https://www.youtube.com/watch?v=wkD8rjkodUI	2024-10-28 12:10:04.279648+11	russiantwists
20	bOf2AOpG4qM	Bowflex Stretch | 3 Easy Hamstring Stretches	https://i.ytimg.com/vi/bOf2AOpG4qM/hqdefault.jpg	https://www.youtube.com/watch?v=bOf2AOpG4qM	2024-10-28 12:10:04.89755+11	hamstringstretch
21	zlnnCNg_iPM	Intermediate Treadmill Run: BOOST ENDURANCE &amp; STAMINA  | 20 Minutes	https://i.ytimg.com/vi/zlnnCNg_iPM/hqdefault.jpg	https://www.youtube.com/watch?v=zlnnCNg_iPM	2024-10-28 12:10:05.306372+11	treadmillrun
22	uCt53OWHa_c	Rowing Machine Benefits: 6 Advantages and 4 DISADVANTAGES	https://i.ytimg.com/vi/uCt53OWHa_c/hqdefault.jpg	https://www.youtube.com/watch?v=uCt53OWHa_c	2024-10-28 12:10:05.831576+11	rowingmachine
23	b1H3xO3x_Js	Full Body Flow  |  20-Minute Yoga Practice	https://i.ytimg.com/vi/b1H3xO3x_Js/hqdefault.jpg	https://www.youtube.com/watch?v=b1H3xO3x_Js	2024-10-28 12:10:06.430167+11	yogaflow
24	Hu-rVZVSzxs	Foam Roller Exercises | Full Body Routine	https://i.ytimg.com/vi/Hu-rVZVSzxs/hqdefault.jpg	https://www.youtube.com/watch?v=Hu-rVZVSzxs	2024-10-28 12:10:07.060728+11	foamrolling
25	FWJR5Ve8bnQ	How to do the BENT-OVER BARBELL ROW! | 2 Minute Tutorial	https://i.ytimg.com/vi/FWJR5Ve8bnQ/hqdefault.jpg	https://www.youtube.com/watch?v=FWJR5Ve8bnQ	2024-10-28 12:44:56.14184+11	bentoverbarbellrows
26	-a83cn3oayI	Preacher Curls ARE DANGEROUS | Sam Sulek #Shorts #samsulek #preachercurls	https://i.ytimg.com/vi/-a83cn3oayI/hqdefault.jpg	https://www.youtube.com/watch?v=-a83cn3oayI	2024-10-28 12:44:56.658806+11	dumbbellbicepcurls
27	UCXxvVItLoM	Seated Cable Row	https://i.ytimg.com/vi/UCXxvVItLoM/hqdefault.jpg	https://www.youtube.com/watch?v=UCXxvVItLoM	2024-10-28 12:44:57.313529+11	seatedcablerows
28	u4vKNbrZnMY	I love my WalkingPad. Stay motivated and healthy with this space-saving fold-up treadmill.	https://i.ytimg.com/vi/u4vKNbrZnMY/hqdefault.jpg	https://www.youtube.com/watch?v=u4vKNbrZnMY	2024-10-28 12:44:57.824642+11	treadmillrunning
29	DkyQwio9CN8	How To Choose A Battle Rope? (2021 Battle Ropes Buying Guide)	https://i.ytimg.com/vi/DkyQwio9CN8/hqdefault.jpg	https://www.youtube.com/watch?v=DkyQwio9CN8	2024-10-28 12:44:58.4388+11	battleropes
30	1we3bh9uhqY	How to do a Bicycle Crunch	https://i.ytimg.com/vi/1we3bh9uhqY/hqdefault.jpg	https://www.youtube.com/watch?v=1we3bh9uhqY	2024-10-28 12:44:58.942401+11	bicyclecrunches
31	N_s9em1xTqU	Core Exercise: Side Plank	https://i.ytimg.com/vi/N_s9em1xTqU/hqdefault.jpg	https://www.youtube.com/watch?v=N_s9em1xTqU	2024-10-28 12:44:59.464317+11	sideplank
32	l6gDwf3xC6s	Kettlebell Deadlift | Exercise Tutorial	https://i.ytimg.com/vi/l6gDwf3xC6s/hqdefault.jpg	https://www.youtube.com/watch?v=l6gDwf3xC6s	2024-10-28 12:45:00.077948+11	kettlebelldeadlifts
33	qEwKCR5JCog	How To: Dumbbell Shoulder Press	https://i.ytimg.com/vi/qEwKCR5JCog/hqdefault.jpg	https://www.youtube.com/watch?v=qEwKCR5JCog	2024-10-28 12:45:00.490186+11	dumbbellshoulderpress
34	auBLPXO8Fww	The Burpee	https://i.ytimg.com/vi/auBLPXO8Fww/hqdefault.jpg	https://www.youtube.com/watch?v=auBLPXO8Fww	2024-10-28 12:45:01.002426+11	burpees
35	6Fzep104f0s	Cable Triceps Pushdown	https://i.ytimg.com/vi/6Fzep104f0s/hqdefault.jpg	https://www.youtube.com/watch?v=6Fzep104f0s	2024-10-28 12:53:29.262872+11	cabletriceppushdown
36	AweC3UaM14o	Deadlift	https://i.ytimg.com/vi/AweC3UaM14o/hqdefault.jpg	https://www.youtube.com/watch?v=AweC3UaM14o	2024-10-28 12:53:30.313827+11	deadlifts
37	U4L_6JEv9Jg	Straight Leg Raises	https://i.ytimg.com/vi/U4L_6JEv9Jg/hqdefault.jpg	https://www.youtube.com/watch?v=U4L_6JEv9Jg	2024-10-28 12:53:30.840964+11	legraises
38	gfzC9XMEypg	5 MIN FULL BODY COOL DOWN STRETCHES (Recovery &amp; Flexibility)	https://i.ytimg.com/vi/gfzC9XMEypg/hqdefault.jpg	https://www.youtube.com/watch?v=gfzC9XMEypg	2024-10-28 12:53:31.463639+11	cooldownstretch
39	kLh-uczlPLg	How To Do Mountain Climbers	https://i.ytimg.com/vi/kLh-uczlPLg/hqdefault.jpg	https://www.youtube.com/watch?v=kLh-uczlPLg	2024-10-28 12:53:32.010699+11	mountainclimbers
40	1u18yJELsh0	Cable Overhead Triceps Extension	https://i.ytimg.com/vi/1u18yJELsh0/hqdefault.jpg	https://www.youtube.com/watch?v=1u18yJELsh0	2024-10-28 13:29:49.544785+11	tricepoverheadextension
41	tatrv67rou8	Prone Chest Stretch	https://i.ytimg.com/vi/tatrv67rou8/hqdefault.jpg	https://www.youtube.com/watch?v=tatrv67rou8	2024-10-28 13:29:50.253435+11	stretchcheststretch
42	yPqv3ejnZvc	How to do a Barbell Deadlift	https://i.ytimg.com/vi/yPqv3ejnZvc/hqdefault.jpg	https://www.youtube.com/watch?v=yPqv3ejnZvc	2024-10-28 13:29:50.865716+11	barbelldeadlift
43	knB5Q4FN4ck	Bent-Over Dumbbell Row	https://i.ytimg.com/vi/knB5Q4FN4ck/hqdefault.jpg	https://www.youtube.com/watch?v=knB5Q4FN4ck	2024-10-28 13:29:51.479552+11	bentoverdumbbellrows
44	BRVDS6HVR9Q	How To Perform HAMMER CURLS | Biceps Exercise Tutorial	https://i.ytimg.com/vi/BRVDS6HVR9Q/hqdefault.jpg	https://www.youtube.com/watch?v=BRVDS6HVR9Q	2024-10-28 13:29:52.094003+11	hammercurls
45	oi4Dq7uZfEg	Seated Low Back Stretch	https://i.ytimg.com/vi/oi4Dq7uZfEg/hqdefault.jpg	https://www.youtube.com/watch?v=oi4Dq7uZfEg	2024-10-28 13:29:52.823448+11	stretchbackstretch
46	eMTy3qylqnE	Calf Raise Exercise Demo	https://i.ytimg.com/vi/eMTy3qylqnE/hqdefault.jpg	https://www.youtube.com/watch?v=eMTy3qylqnE	2024-10-28 13:29:53.425273+11	calfraises
47	ju_dqMb3isE	10 min Leg and Back Stretch routine - Hamstrings, Glutes, Inner &amp; Outer Thigh &amp; Lower Back | Pilates	https://i.ytimg.com/vi/ju_dqMb3isE/hqdefault.jpg	https://www.youtube.com/watch?v=ju_dqMb3isE	2024-10-28 13:29:54.037503+11	stretchlegstretch
48	R0eqxnSyRkM	25 MIN STRETCH &amp; CORE - Full Body RECOVERY (Mobility, Flexibility Workout at home), no equipment	https://i.ytimg.com/vi/R0eqxnSyRkM/hqdefault.jpg	https://www.youtube.com/watch?v=R0eqxnSyRkM	2024-10-28 13:29:54.691863+11	stretchcorestretch
49	gfUg6qWohTk	STOP F*cking Up Dumbbell Rows (PROPER FORM!)	https://i.ytimg.com/vi/gfUg6qWohTk/hqdefault.jpg	https://www.youtube.com/watch?v=gfUg6qWohTk	2024-10-28 13:49:12.055471+11	dumbbellrows
50	QZEqB6wUPxQ	How To: Barbell Bicep Curl | 3 GOLDEN RULES	https://i.ytimg.com/vi/QZEqB6wUPxQ/hqdefault.jpg	https://www.youtube.com/watch?v=QZEqB6wUPxQ	2024-10-28 13:49:12.670668+11	barbellbicepcurl
51	6jHsraw2NIk	Shoulder Pain Relief Stretches  5 Minute Real Time Routine	https://i.ytimg.com/vi/6jHsraw2NIk/hqdefault.jpg	https://www.youtube.com/watch?v=6jHsraw2NIk	2024-10-28 13:49:13.286403+11	shoulderstretch
52	jgQ49dXfznk	Plank with Shoulder Taps - Moving through Cancer  Penn State College of Medicine	https://i.ytimg.com/vi/jgQ49dXfznk/hqdefault.jpg	https://www.youtube.com/watch?v=jgQ49dXfznk	2024-10-28 13:49:13.912463+11	plankwithshouldertaps
4	0pkjOk0EiAk	Push Ups	https://i.ytimg.com/vi/0pkjOk0EiAk/hqdefault.jpg	https://www.youtube.com/watch?v=0pkjOk0EiAk	2024-10-28 14:58:57.718033+11	push-up
53	9gglI77Kzq8	Dumbbell Lunge	https://i.ytimg.com/vi/9gglI77Kzq8/hqdefault.jpg	https://www.youtube.com/watch?v=9gglI77Kzq8	2024-10-28 15:14:48.491853+11	dumbbelllunges
54	qEwKCR5JCog	How To: Dumbbell Shoulder Press	https://i.ytimg.com/vi/qEwKCR5JCog/hqdefault.jpg	https://www.youtube.com/watch?v=qEwKCR5JCog	2024-10-28 15:14:49.101875+11	shoulderpress
55	JIhbYYA1Q90	The Best Dumbbell Lateral Raise Tutorial	https://i.ytimg.com/vi/JIhbYYA1Q90/hqdefault.jpg	https://www.youtube.com/watch?v=JIhbYYA1Q90	2024-10-28 15:14:49.645331+11	sidelateralraises
56	guOj99WPZnw	Back Of Leg Stretch for Older Adults	https://i.ytimg.com/vi/guOj99WPZnw/hqdefault.jpg	https://www.youtube.com/watch?v=guOj99WPZnw	2024-10-28 15:14:50.023528+11	legstretch
57	zlnnCNg_iPM	Intermediate Treadmill Run: BOOST ENDURANCE &amp; STAMINA  | 20 Minutes	https://i.ytimg.com/vi/zlnnCNg_iPM/hqdefault.jpg	https://www.youtube.com/watch?v=zlnnCNg_iPM	2024-10-28 15:14:50.635715+11	treadmilljogging
58	O0sgZQ-mESs	5 Surprising Benefits of Jumping Rope [and 3 RISKS]	https://i.ytimg.com/vi/O0sgZQ-mESs/hqdefault.jpg	https://www.youtube.com/watch?v=O0sgZQ-mESs	2024-10-28 15:14:51.204686+11	jumprope
59	KWGsSq0J1Bk	15 Minute Guided Foam Roller Workout for Self-Massage with @GoChloPilates| Good Moves | Well+Good	https://i.ytimg.com/vi/KWGsSq0J1Bk/hqdefault.jpg	https://www.youtube.com/watch?v=KWGsSq0J1Bk	2024-10-28 15:14:51.778158+11	foamrollerstretch
60	R0eqxnSyRkM	25 MIN STRETCH &amp; CORE - Full Body RECOVERY (Mobility, Flexibility Workout at home), no equipment	https://i.ytimg.com/vi/R0eqxnSyRkM/hqdefault.jpg	https://www.youtube.com/watch?v=R0eqxnSyRkM	2024-10-28 15:14:52.353684+11	corestretch
61	803JIAWBj_c	Don&#39;t Do Biceps Curls Like This 	https://i.ytimg.com/vi/803JIAWBj_c/hqdefault.jpg	https://www.youtube.com/watch?v=803JIAWBj_c	2024-11-20 13:16:08.353682+11	bicepcurls
62	HFnSsLIB7a4	Everyone should do this Basic Squat: Here&#39;s How	https://i.ytimg.com/vi/HFnSsLIB7a4/hqdefault.jpg	https://www.youtube.com/watch?v=HFnSsLIB7a4	2024-11-20 13:16:09.118988+11	squat
63	HeovYNoZDRg	A Better Way To Do Lateral Raises	https://i.ytimg.com/vi/HeovYNoZDRg/hqdefault.jpg	https://www.youtube.com/watch?v=HeovYNoZDRg	2024-11-20 13:16:09.552149+11	lateralraises
64	zlnnCNg_iPM	Intermediate Treadmill Run: BOOST ENDURANCE &amp; STAMINA  | 20 Minutes	https://i.ytimg.com/vi/zlnnCNg_iPM/hqdefault.jpg	https://www.youtube.com/watch?v=zlnnCNg_iPM	2024-11-20 13:16:10.099171+11	treadmillintervals
65	PGXDLiwBT1I	Incline Dumbbell Bench Press Tutorial	https://i.ytimg.com/vi/PGXDLiwBT1I/hqdefault.jpg	https://www.youtube.com/watch?v=PGXDLiwBT1I	2024-11-24 20:19:32.925815+11	inclinedumbbellpress
\.


--
-- Data for Name: auth_group; Type: TABLE DATA; Schema: public; Owner: rafael
--

COPY public.auth_group (id, name) FROM stdin;
\.


--
-- Data for Name: auth_group_permissions; Type: TABLE DATA; Schema: public; Owner: rafael
--

COPY public.auth_group_permissions (id, group_id, permission_id) FROM stdin;
\.


--
-- Data for Name: auth_permission; Type: TABLE DATA; Schema: public; Owner: rafael
--

COPY public.auth_permission (id, name, content_type_id, codename) FROM stdin;
1	Can add log entry	1	add_logentry
2	Can change log entry	1	change_logentry
3	Can delete log entry	1	delete_logentry
4	Can view log entry	1	view_logentry
5	Can add permission	2	add_permission
6	Can change permission	2	change_permission
7	Can delete permission	2	delete_permission
8	Can view permission	2	view_permission
9	Can add group	3	add_group
10	Can change group	3	change_group
11	Can delete group	3	delete_group
12	Can view group	3	view_group
13	Can add content type	4	add_contenttype
14	Can change content type	4	change_contenttype
15	Can delete content type	4	delete_contenttype
16	Can view content type	4	view_contenttype
17	Can add session	5	add_session
18	Can change session	5	change_session
19	Can delete session	5	delete_session
20	Can view session	5	view_session
21	Can add site	6	add_site
22	Can change site	6	change_site
23	Can delete site	6	delete_site
24	Can view site	6	view_site
25	Can add email address	7	add_emailaddress
26	Can change email address	7	change_emailaddress
27	Can delete email address	7	delete_emailaddress
28	Can view email address	7	view_emailaddress
29	Can add email confirmation	8	add_emailconfirmation
30	Can change email confirmation	8	change_emailconfirmation
31	Can delete email confirmation	8	delete_emailconfirmation
32	Can view email confirmation	8	view_emailconfirmation
33	Can add social account	9	add_socialaccount
34	Can change social account	9	change_socialaccount
35	Can delete social account	9	delete_socialaccount
36	Can view social account	9	view_socialaccount
37	Can add social application	10	add_socialapp
38	Can change social application	10	change_socialapp
39	Can delete social application	10	delete_socialapp
40	Can view social application	10	view_socialapp
41	Can add social application token	11	add_socialtoken
42	Can change social application token	11	change_socialtoken
43	Can delete social application token	11	delete_socialtoken
44	Can view social application token	11	view_socialtoken
45	Can add equipment	12	add_equipment
46	Can change equipment	12	change_equipment
47	Can delete equipment	12	delete_equipment
48	Can view equipment	12	view_equipment
49	Can add exercise	13	add_exercise
50	Can change exercise	13	change_exercise
51	Can delete exercise	13	delete_exercise
52	Can view exercise	13	view_exercise
53	Can add exercise video	14	add_exercisevideo
54	Can change exercise video	14	change_exercisevideo
55	Can delete exercise video	14	delete_exercisevideo
56	Can view exercise video	14	view_exercisevideo
57	Can add strength goal	15	add_strengthgoal
58	Can change strength goal	15	change_strengthgoal
59	Can delete strength goal	15	delete_strengthgoal
60	Can view strength goal	15	view_strengthgoal
61	Can add exercise log	16	add_exerciselog
62	Can change exercise log	16	change_exerciselog
63	Can delete exercise log	16	delete_exerciselog
64	Can view exercise log	16	view_exerciselog
65	Can add user	17	add_user
66	Can change user	17	change_user
67	Can delete user	17	delete_user
68	Can view user	17	view_user
69	Can add workout log	18	add_workoutlog
70	Can change workout log	18	change_workoutlog
71	Can delete workout log	18	delete_workoutlog
72	Can view workout log	18	view_workoutlog
73	Can add workout plan	19	add_workoutplan
74	Can change workout plan	19	change_workoutplan
75	Can delete workout plan	19	delete_workoutplan
76	Can view workout plan	19	view_workoutplan
77	Can add training session	20	add_trainingsession
78	Can change training session	20	change_trainingsession
79	Can delete training session	20	delete_trainingsession
80	Can view training session	20	view_trainingsession
81	Can add workout session	21	add_workoutsession
82	Can change workout session	21	change_workoutsession
83	Can delete workout session	21	delete_workoutsession
84	Can view workout session	21	view_workoutsession
85	Can add Token	22	add_token
86	Can change Token	22	change_token
87	Can delete Token	22	delete_token
88	Can view Token	22	view_token
89	Can add Token	23	add_tokenproxy
90	Can change Token	23	change_tokenproxy
91	Can delete Token	23	delete_tokenproxy
92	Can view Token	23	view_tokenproxy
93	Can add user profile	24	add_userprofile
94	Can change user profile	24	change_userprofile
95	Can delete user profile	24	delete_userprofile
96	Can view user profile	24	view_userprofile
97	Can add you tube video	25	add_youtubevideo
98	Can change you tube video	25	change_youtubevideo
99	Can delete you tube video	25	delete_youtubevideo
100	Can view you tube video	25	view_youtubevideo
\.


--
-- Data for Name: authtoken_token; Type: TABLE DATA; Schema: public; Owner: rafael
--

COPY public.authtoken_token (key, created, user_id) FROM stdin;
6b3033719a9e6eacbedaec94199fbffebd7986d7	2024-10-25 19:40:08.211362+11	15
2c4fe39b19a1b0a753c2c9e6319f78665ea15e90	2024-10-28 15:14:22.013629+11	27
831f9e99b27a9db236850be90c6f011282912888	2024-11-21 11:02:00.530436+11	28
\.


--
-- Data for Name: django_admin_log; Type: TABLE DATA; Schema: public; Owner: rafael
--

COPY public.django_admin_log (id, action_time, object_id, object_repr, action_flag, change_message, content_type_id, user_id) FROM stdin;
1	2024-10-23 19:39:29.509428+11	3	user0000	3		17	1
2	2024-10-25 09:46:45.064914+11	6	user456	3		17	1
3	2024-10-25 09:46:54.511554+11	4	user0000	3		17	1
4	2024-10-25 09:47:02.075336+11	5	user123	3		17	1
5	2024-10-25 10:05:14.458+11	7	user456	3		17	1
6	2024-10-25 10:10:54.42385+11	8	user456	3		17	1
7	2024-10-25 10:22:29.713346+11	9	user456	3		17	1
8	2024-10-25 10:33:46.814086+11	10	user456	3		17	1
9	2024-10-25 10:39:10.355079+11	11	user456	3		17	1
10	2024-10-25 10:54:03.258743+11	12	user456	3		17	1
11	2024-10-25 11:03:42.854954+11	13	user001	3		17	1
12	2024-10-25 11:41:27.099343+11	2	user456 - Workout Plan for user456 on 2024-10-25 on 2024-10-25	3		20	1
13	2024-10-25 11:41:32.339728+11	1	user456 - Workout Plan for user456 on 2024-10-25 on 2024-10-25	3		20	1
14	2024-10-25 12:52:04.246009+11	7	Push-up	2	[{"changed": {"fields": ["Name", "Video url"]}}]	13	1
15	2024-10-28 11:32:02.609183+11	18	user010	3		17	1
16	2024-10-28 11:32:09.226567+11	17	user666	3		17	1
17	2024-10-28 11:32:16.23349+11	16	user232	3		17	1
18	2024-10-28 11:37:46.081382+11	19	user010	3		17	1
19	2024-10-28 11:47:50.923009+11	20	user010	3		17	1
20	2024-10-28 12:01:09.74646+11	21	user010	3		17	1
21	2024-11-25 12:23:48.777555+11	5	user111 - Workout Plan for user111 on 2024-11-20 on 2024-11-24	3		20	1
\.


--
-- Data for Name: django_content_type; Type: TABLE DATA; Schema: public; Owner: rafael
--

COPY public.django_content_type (id, app_label, model) FROM stdin;
1	admin	logentry
2	auth	permission
3	auth	group
4	contenttypes	contenttype
5	sessions	session
6	sites	site
7	account	emailaddress
8	account	emailconfirmation
9	socialaccount	socialaccount
10	socialaccount	socialapp
11	socialaccount	socialtoken
12	api	equipment
13	api	exercise
14	api	exercisevideo
15	api	strengthgoal
16	api	exerciselog
17	api	user
18	api	workoutlog
19	api	workoutplan
20	api	trainingsession
21	api	workoutsession
22	authtoken	token
23	authtoken	tokenproxy
24	api	userprofile
25	api	youtubevideo
\.


--
-- Data for Name: django_migrations; Type: TABLE DATA; Schema: public; Owner: rafael
--

COPY public.django_migrations (id, app, name, applied) FROM stdin;
1	contenttypes	0001_initial	2024-10-23 17:32:42.207728+11
2	contenttypes	0002_remove_content_type_name	2024-10-23 17:32:42.226815+11
3	auth	0001_initial	2024-10-23 17:32:42.322601+11
4	auth	0002_alter_permission_name_max_length	2024-10-23 17:32:42.332368+11
5	auth	0003_alter_user_email_max_length	2024-10-23 17:32:42.338453+11
6	auth	0004_alter_user_username_opts	2024-10-23 17:32:42.347996+11
7	auth	0005_alter_user_last_login_null	2024-10-23 17:32:42.357585+11
8	auth	0006_require_contenttypes_0002	2024-10-23 17:32:42.358992+11
9	auth	0007_alter_validators_add_error_messages	2024-10-23 17:32:42.374612+11
10	auth	0008_alter_user_username_max_length	2024-10-23 17:32:42.385256+11
11	auth	0009_alter_user_last_name_max_length	2024-10-23 17:32:42.391783+11
12	auth	0010_alter_group_name_max_length	2024-10-23 17:32:42.404852+11
13	auth	0011_update_proxy_permissions	2024-10-23 17:32:42.410291+11
14	auth	0012_alter_user_first_name_max_length	2024-10-23 17:32:42.423494+11
15	api	0001_initial	2024-10-23 17:32:42.677079+11
16	account	0001_initial	2024-10-23 17:32:42.742025+11
17	account	0002_email_max_length	2024-10-23 17:32:42.758769+11
18	account	0003_alter_emailaddress_create_unique_verified_email	2024-10-23 17:32:42.790199+11
19	account	0004_alter_emailaddress_drop_unique_email	2024-10-23 17:32:42.828513+11
20	account	0005_emailaddress_idx_upper_email	2024-10-23 17:32:42.85499+11
21	account	0006_emailaddress_lower	2024-10-23 17:32:42.876041+11
22	account	0007_emailaddress_idx_email	2024-10-23 17:32:42.906536+11
23	account	0008_emailaddress_unique_primary_email_fixup	2024-10-23 17:32:42.934747+11
24	account	0009_emailaddress_unique_primary_email	2024-10-23 17:32:42.954357+11
25	admin	0001_initial	2024-10-23 17:32:42.988282+11
26	admin	0002_logentry_remove_auto_add	2024-10-23 17:32:43.023015+11
27	admin	0003_logentry_add_action_flag_choices	2024-10-23 17:32:43.040678+11
28	authtoken	0001_initial	2024-10-23 17:32:43.070854+11
29	authtoken	0002_auto_20160226_1747	2024-10-23 17:32:43.13739+11
30	authtoken	0003_tokenproxy	2024-10-23 17:32:43.140054+11
31	authtoken	0004_alter_tokenproxy_options	2024-10-23 17:32:43.147096+11
32	sessions	0001_initial	2024-10-23 17:32:43.15656+11
33	sites	0001_initial	2024-10-23 17:32:43.162782+11
34	sites	0002_alter_domain_unique	2024-10-23 17:32:43.169723+11
35	socialaccount	0001_initial	2024-10-23 17:32:43.287366+11
36	socialaccount	0002_token_max_lengths	2024-10-23 17:32:43.319984+11
37	socialaccount	0003_extra_data_default_dict	2024-10-23 17:32:43.336748+11
38	socialaccount	0004_app_provider_id_settings	2024-10-23 17:32:43.387557+11
39	socialaccount	0005_socialtoken_nullable_app	2024-10-23 17:32:43.494717+11
40	socialaccount	0006_alter_socialaccount_extra_data	2024-10-23 17:32:43.519697+11
41	api	0002_userprofile	2024-10-23 18:06:57.620098+11
42	api	0003_user_workout_days	2024-10-23 18:08:43.586082+11
43	api	0004_alter_workoutplan_user	2024-10-23 18:11:03.313821+11
44	api	0005_alter_workoutplan_plan_data	2024-10-23 18:11:03.338367+11
45	api	0006_alter_exercise_description	2024-10-23 18:11:03.359608+11
46	api	0007_alter_workoutplan_plan_data	2024-10-23 18:11:03.394375+11
47	api	0008_alter_workoutplan_plan_data	2024-10-23 18:11:03.420564+11
48	api	0009_alter_workoutplan_plan_data	2024-10-23 18:11:03.444237+11
49	api	0010_user_additional_goals_alter_user_age_and_more	2024-10-23 18:14:02.513494+11
50	api	0011_alter_user_username	2024-10-23 18:19:09.785712+11
51	api	0020_handle_empty_emails	2024-10-23 18:19:21.371049+11
52	api	0012_alter_user_email_alter_user_first_name_and_more	2024-10-23 18:19:32.559345+11
53	api	0016_handle_empty_emails	2024-10-23 18:20:13.29103+11
54	api	0013_alter_user_email	2024-10-23 18:20:23.32244+11
55	api	0017_merge_0013_alter_user_email_0016_handle_empty_emails	2024-10-23 18:20:31.758461+11
56	api	0018_handle_empty_emails	2024-10-23 18:20:40.086995+11
57	api	0019_alter_user_options_user_unique_email_when_not_null	2024-10-23 18:20:40.088984+11
58	api	0021_merge_20240930_0139	2024-10-23 18:20:40.090363+11
59	api	0022_workoutsession	2024-10-23 18:20:40.091314+11
60	api	0023_user_profile_picture	2024-10-23 18:20:40.092027+11
61	api	0024_user_sex	2024-10-23 18:20:40.092761+11
62	api	0025_trainingsession_sessionfeedback	2024-10-23 18:20:40.093724+11
63	api	0026_alter_trainingsession_date_and_more	2024-10-23 18:20:40.094686+11
64	api	0027_remove_sessionfeedback_comments_and_more	2024-10-23 18:20:40.095801+11
65	api	0028_alter_workoutplan_user	2024-10-23 18:20:40.096583+11
66	api	0029_equipment_strengthgoal_alter_user_workout_days_and_more	2024-10-23 18:20:40.097377+11
67	api	0030_alter_equipment_name	2024-10-23 18:20:40.098484+11
68	api	0031_remove_user_strength_goals_user_strength_goals	2024-10-23 18:20:40.0994+11
69	api	0032_remove_user_equipment_user_equipment	2024-10-23 18:20:40.100343+11
70	api	0033_trainingsession_comments_and_more	2024-10-23 18:20:40.10132+11
71	api	0034_alter_sessionfeedback_training_session	2024-10-23 18:20:40.102161+11
72	api	0035_alter_trainingsession_emoji_feedback_and_more	2024-10-23 18:20:40.103123+11
73	api	0036_weeklyfeedback	2024-10-23 18:20:40.10399+11
74	api	0037_delete_weeklyfeedback	2024-10-23 18:20:40.104849+11
75	api	0038_workoutplan_week_number	2024-10-23 18:20:40.105537+11
76	api	0039_trainingsession_week_number_and_more	2024-10-23 18:20:40.10621+11
77	api	0040_user_membership_number_and_more	2024-10-23 18:20:40.106995+11
78	api	0041_exercise_youtube_video_id	2024-10-23 18:20:40.108046+11
79	api	0042_rename_youtube_video_id_exercise_videoid	2024-10-23 18:20:40.108807+11
80	api	0043_workoutplan_dashboard_background_and_more	2024-10-23 18:20:40.109566+11
81	api	0044_alter_user_profile_picture	2024-10-23 18:35:57.170607+11
82	api	0045_alter_workoutplan_id	2024-10-23 19:17:26.392077+11
83	api	0046_alter_workoutplan_dashboard_background_and_more	2024-10-23 19:29:09.845025+11
84	api	0047_alter_workoutplan_dashboard_background_and_more	2024-10-23 19:29:32.958286+11
85	api	0048_youtubevideo	2024-10-24 11:42:03.132955+11
86	api	0049_youtubevideo_exercise_name_and_more	2024-10-28 10:35:47.570554+11
87	api	0050_alter_youtubevideo_exercise_name	2024-10-28 10:38:51.023338+11
\.


--
-- Data for Name: django_session; Type: TABLE DATA; Schema: public; Owner: rafael
--

COPY public.django_session (session_key, session_data, expire_date) FROM stdin;
64icgohnhlnvvzqykyr2e2tj6i1bk7r9	.eJxVjMsOwiAQRf-FtSHlMSAu3fcbyMBMpWogKe3K-O_apAvd3nPOfYmI21ri1nmJM4mLUOL0uyXMD647oDvWW5O51XWZk9wVedAux0b8vB7u30HBXr51RotkdJrYAQLkwdvgtdWOkHUGQHXO3mlQwRqjHYYQJqDBAxvHTF68P-A5N34:1t5H5Q:vWbcKCXHCNFMMOMr0JxRjrkLi8fRmMKReoIlhfbxPdY	2024-11-11 15:10:36.384314+11
8kan86fiq9yxcwtj83dsfevw7upf424g	.eJxVjMsOwiAQRf-FtSHlMSAu3fcbyMBMpWogKe3K-O_apAvd3nPOfYmI21ri1nmJM4mLUOL0uyXMD647oDvWW5O51XWZk9wVedAux0b8vB7u30HBXr51RotkdJrYAQLkwdvgtdWOkHUGQHXO3mlQwRqjHYYQJqDBAxvHTF68P-A5N34:1tDYU4:HmpL_8SZ-jkoysbmjg_Hd7GZLI1BKep1MeaJrK0S6k8	2024-12-04 11:22:16.41071+11
\.


--
-- Data for Name: django_site; Type: TABLE DATA; Schema: public; Owner: rafael
--

COPY public.django_site (id, domain, name) FROM stdin;
1	example.com	example.com
\.


--
-- Data for Name: socialaccount_socialaccount; Type: TABLE DATA; Schema: public; Owner: rafael
--

COPY public.socialaccount_socialaccount (id, provider, uid, last_login, date_joined, extra_data, user_id) FROM stdin;
\.


--
-- Data for Name: socialaccount_socialapp; Type: TABLE DATA; Schema: public; Owner: rafael
--

COPY public.socialaccount_socialapp (id, provider, name, client_id, secret, key, provider_id, settings) FROM stdin;
\.


--
-- Data for Name: socialaccount_socialapp_sites; Type: TABLE DATA; Schema: public; Owner: rafael
--

COPY public.socialaccount_socialapp_sites (id, socialapp_id, site_id) FROM stdin;
\.


--
-- Data for Name: socialaccount_socialtoken; Type: TABLE DATA; Schema: public; Owner: rafael
--

COPY public.socialaccount_socialtoken (id, token, token_secret, expires_at, account_id, app_id) FROM stdin;
\.


--
-- Name: account_emailaddress_id_seq; Type: SEQUENCE SET; Schema: public; Owner: rafael
--

SELECT pg_catalog.setval('public.account_emailaddress_id_seq', 1, false);


--
-- Name: account_emailconfirmation_id_seq; Type: SEQUENCE SET; Schema: public; Owner: rafael
--

SELECT pg_catalog.setval('public.account_emailconfirmation_id_seq', 1, false);


--
-- Name: api_equipment_id_seq; Type: SEQUENCE SET; Schema: public; Owner: rafael
--

SELECT pg_catalog.setval('public.api_equipment_id_seq', 22, true);


--
-- Name: api_exercise_id_seq; Type: SEQUENCE SET; Schema: public; Owner: rafael
--

SELECT pg_catalog.setval('public.api_exercise_id_seq', 10, true);


--
-- Name: api_exerciselog_id_seq; Type: SEQUENCE SET; Schema: public; Owner: rafael
--

SELECT pg_catalog.setval('public.api_exerciselog_id_seq', 1, false);


--
-- Name: api_exercisevideo_id_seq; Type: SEQUENCE SET; Schema: public; Owner: rafael
--

SELECT pg_catalog.setval('public.api_exercisevideo_id_seq', 18, true);


--
-- Name: api_strengthgoal_id_seq; Type: SEQUENCE SET; Schema: public; Owner: rafael
--

SELECT pg_catalog.setval('public.api_strengthgoal_id_seq', 9, true);


--
-- Name: api_trainingsession_id_seq; Type: SEQUENCE SET; Schema: public; Owner: rafael
--

SELECT pg_catalog.setval('public.api_trainingsession_id_seq', 5, true);


--
-- Name: api_user_equipment_id_seq; Type: SEQUENCE SET; Schema: public; Owner: rafael
--

SELECT pg_catalog.setval('public.api_user_equipment_id_seq', 419, true);


--
-- Name: api_user_groups_id_seq; Type: SEQUENCE SET; Schema: public; Owner: rafael
--

SELECT pg_catalog.setval('public.api_user_groups_id_seq', 1, false);


--
-- Name: api_user_id_seq; Type: SEQUENCE SET; Schema: public; Owner: rafael
--

SELECT pg_catalog.setval('public.api_user_id_seq', 28, true);


--
-- Name: api_user_strength_goals_id_seq; Type: SEQUENCE SET; Schema: public; Owner: rafael
--

SELECT pg_catalog.setval('public.api_user_strength_goals_id_seq', 138, true);


--
-- Name: api_user_user_permissions_id_seq; Type: SEQUENCE SET; Schema: public; Owner: rafael
--

SELECT pg_catalog.setval('public.api_user_user_permissions_id_seq', 1, false);


--
-- Name: api_userprofile_id_seq; Type: SEQUENCE SET; Schema: public; Owner: rafael
--

SELECT pg_catalog.setval('public.api_userprofile_id_seq', 1, false);


--
-- Name: api_workoutlog_id_seq; Type: SEQUENCE SET; Schema: public; Owner: rafael
--

SELECT pg_catalog.setval('public.api_workoutlog_id_seq', 1, false);


--
-- Name: api_workoutsession_id_seq; Type: SEQUENCE SET; Schema: public; Owner: rafael
--

SELECT pg_catalog.setval('public.api_workoutsession_id_seq', 1, false);


--
-- Name: api_youtubevideo_id_seq; Type: SEQUENCE SET; Schema: public; Owner: rafael
--

SELECT pg_catalog.setval('public.api_youtubevideo_id_seq', 65, true);


--
-- Name: auth_group_id_seq; Type: SEQUENCE SET; Schema: public; Owner: rafael
--

SELECT pg_catalog.setval('public.auth_group_id_seq', 1, false);


--
-- Name: auth_group_permissions_id_seq; Type: SEQUENCE SET; Schema: public; Owner: rafael
--

SELECT pg_catalog.setval('public.auth_group_permissions_id_seq', 1, false);


--
-- Name: auth_permission_id_seq; Type: SEQUENCE SET; Schema: public; Owner: rafael
--

SELECT pg_catalog.setval('public.auth_permission_id_seq', 100, true);


--
-- Name: django_admin_log_id_seq; Type: SEQUENCE SET; Schema: public; Owner: rafael
--

SELECT pg_catalog.setval('public.django_admin_log_id_seq', 21, true);


--
-- Name: django_content_type_id_seq; Type: SEQUENCE SET; Schema: public; Owner: rafael
--

SELECT pg_catalog.setval('public.django_content_type_id_seq', 25, true);


--
-- Name: django_migrations_id_seq; Type: SEQUENCE SET; Schema: public; Owner: rafael
--

SELECT pg_catalog.setval('public.django_migrations_id_seq', 87, true);


--
-- Name: django_site_id_seq; Type: SEQUENCE SET; Schema: public; Owner: rafael
--

SELECT pg_catalog.setval('public.django_site_id_seq', 1, true);


--
-- Name: socialaccount_socialaccount_id_seq; Type: SEQUENCE SET; Schema: public; Owner: rafael
--

SELECT pg_catalog.setval('public.socialaccount_socialaccount_id_seq', 1, false);


--
-- Name: socialaccount_socialapp_id_seq; Type: SEQUENCE SET; Schema: public; Owner: rafael
--

SELECT pg_catalog.setval('public.socialaccount_socialapp_id_seq', 1, false);


--
-- Name: socialaccount_socialapp_sites_id_seq; Type: SEQUENCE SET; Schema: public; Owner: rafael
--

SELECT pg_catalog.setval('public.socialaccount_socialapp_sites_id_seq', 1, false);


--
-- Name: socialaccount_socialtoken_id_seq; Type: SEQUENCE SET; Schema: public; Owner: rafael
--

SELECT pg_catalog.setval('public.socialaccount_socialtoken_id_seq', 1, false);


--
-- Name: account_emailaddress account_emailaddress_pkey; Type: CONSTRAINT; Schema: public; Owner: rafael
--

ALTER TABLE ONLY public.account_emailaddress
    ADD CONSTRAINT account_emailaddress_pkey PRIMARY KEY (id);


--
-- Name: account_emailaddress account_emailaddress_user_id_email_987c8728_uniq; Type: CONSTRAINT; Schema: public; Owner: rafael
--

ALTER TABLE ONLY public.account_emailaddress
    ADD CONSTRAINT account_emailaddress_user_id_email_987c8728_uniq UNIQUE (user_id, email);


--
-- Name: account_emailconfirmation account_emailconfirmation_key_key; Type: CONSTRAINT; Schema: public; Owner: rafael
--

ALTER TABLE ONLY public.account_emailconfirmation
    ADD CONSTRAINT account_emailconfirmation_key_key UNIQUE (key);


--
-- Name: account_emailconfirmation account_emailconfirmation_pkey; Type: CONSTRAINT; Schema: public; Owner: rafael
--

ALTER TABLE ONLY public.account_emailconfirmation
    ADD CONSTRAINT account_emailconfirmation_pkey PRIMARY KEY (id);


--
-- Name: api_equipment api_equipment_name_key; Type: CONSTRAINT; Schema: public; Owner: rafael
--

ALTER TABLE ONLY public.api_equipment
    ADD CONSTRAINT api_equipment_name_key UNIQUE (name);


--
-- Name: api_equipment api_equipment_pkey; Type: CONSTRAINT; Schema: public; Owner: rafael
--

ALTER TABLE ONLY public.api_equipment
    ADD CONSTRAINT api_equipment_pkey PRIMARY KEY (id);


--
-- Name: api_exercise api_exercise_pkey; Type: CONSTRAINT; Schema: public; Owner: rafael
--

ALTER TABLE ONLY public.api_exercise
    ADD CONSTRAINT api_exercise_pkey PRIMARY KEY (id);


--
-- Name: api_exerciselog api_exerciselog_pkey; Type: CONSTRAINT; Schema: public; Owner: rafael
--

ALTER TABLE ONLY public.api_exerciselog
    ADD CONSTRAINT api_exerciselog_pkey PRIMARY KEY (id);


--
-- Name: api_exercisevideo api_exercisevideo_exercise_name_key; Type: CONSTRAINT; Schema: public; Owner: rafael
--

ALTER TABLE ONLY public.api_exercisevideo
    ADD CONSTRAINT api_exercisevideo_exercise_name_key UNIQUE (exercise_name);


--
-- Name: api_exercisevideo api_exercisevideo_pkey; Type: CONSTRAINT; Schema: public; Owner: rafael
--

ALTER TABLE ONLY public.api_exercisevideo
    ADD CONSTRAINT api_exercisevideo_pkey PRIMARY KEY (id);


--
-- Name: api_strengthgoal api_strengthgoal_pkey; Type: CONSTRAINT; Schema: public; Owner: rafael
--

ALTER TABLE ONLY public.api_strengthgoal
    ADD CONSTRAINT api_strengthgoal_pkey PRIMARY KEY (id);


--
-- Name: api_trainingsession api_trainingsession_pkey; Type: CONSTRAINT; Schema: public; Owner: rafael
--

ALTER TABLE ONLY public.api_trainingsession
    ADD CONSTRAINT api_trainingsession_pkey PRIMARY KEY (id);


--
-- Name: api_trainingsession api_trainingsession_user_id_date_session_name_20124bdf_uniq; Type: CONSTRAINT; Schema: public; Owner: rafael
--

ALTER TABLE ONLY public.api_trainingsession
    ADD CONSTRAINT api_trainingsession_user_id_date_session_name_20124bdf_uniq UNIQUE (user_id, date, session_name);


--
-- Name: api_user_equipment api_user_equipment_pkey; Type: CONSTRAINT; Schema: public; Owner: rafael
--

ALTER TABLE ONLY public.api_user_equipment
    ADD CONSTRAINT api_user_equipment_pkey PRIMARY KEY (id);


--
-- Name: api_user_equipment api_user_equipment_user_id_equipment_id_fcd75aa5_uniq; Type: CONSTRAINT; Schema: public; Owner: rafael
--

ALTER TABLE ONLY public.api_user_equipment
    ADD CONSTRAINT api_user_equipment_user_id_equipment_id_fcd75aa5_uniq UNIQUE (user_id, equipment_id);


--
-- Name: api_user_groups api_user_groups_pkey; Type: CONSTRAINT; Schema: public; Owner: rafael
--

ALTER TABLE ONLY public.api_user_groups
    ADD CONSTRAINT api_user_groups_pkey PRIMARY KEY (id);


--
-- Name: api_user_groups api_user_groups_user_id_group_id_9c7ddfb5_uniq; Type: CONSTRAINT; Schema: public; Owner: rafael
--

ALTER TABLE ONLY public.api_user_groups
    ADD CONSTRAINT api_user_groups_user_id_group_id_9c7ddfb5_uniq UNIQUE (user_id, group_id);


--
-- Name: api_user api_user_membership_number_key; Type: CONSTRAINT; Schema: public; Owner: rafael
--

ALTER TABLE ONLY public.api_user
    ADD CONSTRAINT api_user_membership_number_key UNIQUE (membership_number);


--
-- Name: api_user api_user_pkey; Type: CONSTRAINT; Schema: public; Owner: rafael
--

ALTER TABLE ONLY public.api_user
    ADD CONSTRAINT api_user_pkey PRIMARY KEY (id);


--
-- Name: api_user_strength_goals api_user_strength_goals_pkey; Type: CONSTRAINT; Schema: public; Owner: rafael
--

ALTER TABLE ONLY public.api_user_strength_goals
    ADD CONSTRAINT api_user_strength_goals_pkey PRIMARY KEY (id);


--
-- Name: api_user_strength_goals api_user_strength_goals_user_id_strengthgoal_id_d0f90b30_uniq; Type: CONSTRAINT; Schema: public; Owner: rafael
--

ALTER TABLE ONLY public.api_user_strength_goals
    ADD CONSTRAINT api_user_strength_goals_user_id_strengthgoal_id_d0f90b30_uniq UNIQUE (user_id, strengthgoal_id);


--
-- Name: api_user_user_permissions api_user_user_permissions_pkey; Type: CONSTRAINT; Schema: public; Owner: rafael
--

ALTER TABLE ONLY public.api_user_user_permissions
    ADD CONSTRAINT api_user_user_permissions_pkey PRIMARY KEY (id);


--
-- Name: api_user_user_permissions api_user_user_permissions_user_id_permission_id_a06dd704_uniq; Type: CONSTRAINT; Schema: public; Owner: rafael
--

ALTER TABLE ONLY public.api_user_user_permissions
    ADD CONSTRAINT api_user_user_permissions_user_id_permission_id_a06dd704_uniq UNIQUE (user_id, permission_id);


--
-- Name: api_user api_user_username_key; Type: CONSTRAINT; Schema: public; Owner: rafael
--

ALTER TABLE ONLY public.api_user
    ADD CONSTRAINT api_user_username_key UNIQUE (username);


--
-- Name: api_userprofile api_userprofile_pkey; Type: CONSTRAINT; Schema: public; Owner: rafael
--

ALTER TABLE ONLY public.api_userprofile
    ADD CONSTRAINT api_userprofile_pkey PRIMARY KEY (id);


--
-- Name: api_userprofile api_userprofile_user_id_key; Type: CONSTRAINT; Schema: public; Owner: rafael
--

ALTER TABLE ONLY public.api_userprofile
    ADD CONSTRAINT api_userprofile_user_id_key UNIQUE (user_id);


--
-- Name: api_workoutlog api_workoutlog_pkey; Type: CONSTRAINT; Schema: public; Owner: rafael
--

ALTER TABLE ONLY public.api_workoutlog
    ADD CONSTRAINT api_workoutlog_pkey PRIMARY KEY (id);


--
-- Name: api_workoutplan api_workoutplan_pkey; Type: CONSTRAINT; Schema: public; Owner: rafael
--

ALTER TABLE ONLY public.api_workoutplan
    ADD CONSTRAINT api_workoutplan_pkey PRIMARY KEY (id);


--
-- Name: api_workoutplan api_workoutplan_user_id_a177e140_uniq; Type: CONSTRAINT; Schema: public; Owner: rafael
--

ALTER TABLE ONLY public.api_workoutplan
    ADD CONSTRAINT api_workoutplan_user_id_a177e140_uniq UNIQUE (user_id);


--
-- Name: api_workoutsession api_workoutsession_pkey; Type: CONSTRAINT; Schema: public; Owner: rafael
--

ALTER TABLE ONLY public.api_workoutsession
    ADD CONSTRAINT api_workoutsession_pkey PRIMARY KEY (id);


--
-- Name: api_youtubevideo api_youtubevideo_exercise_name_key; Type: CONSTRAINT; Schema: public; Owner: rafael
--

ALTER TABLE ONLY public.api_youtubevideo
    ADD CONSTRAINT api_youtubevideo_exercise_name_key UNIQUE (exercise_name);


--
-- Name: api_youtubevideo api_youtubevideo_pkey; Type: CONSTRAINT; Schema: public; Owner: rafael
--

ALTER TABLE ONLY public.api_youtubevideo
    ADD CONSTRAINT api_youtubevideo_pkey PRIMARY KEY (id);


--
-- Name: auth_group auth_group_name_key; Type: CONSTRAINT; Schema: public; Owner: rafael
--

ALTER TABLE ONLY public.auth_group
    ADD CONSTRAINT auth_group_name_key UNIQUE (name);


--
-- Name: auth_group_permissions auth_group_permissions_group_id_permission_id_0cd325b0_uniq; Type: CONSTRAINT; Schema: public; Owner: rafael
--

ALTER TABLE ONLY public.auth_group_permissions
    ADD CONSTRAINT auth_group_permissions_group_id_permission_id_0cd325b0_uniq UNIQUE (group_id, permission_id);


--
-- Name: auth_group_permissions auth_group_permissions_pkey; Type: CONSTRAINT; Schema: public; Owner: rafael
--

ALTER TABLE ONLY public.auth_group_permissions
    ADD CONSTRAINT auth_group_permissions_pkey PRIMARY KEY (id);


--
-- Name: auth_group auth_group_pkey; Type: CONSTRAINT; Schema: public; Owner: rafael
--

ALTER TABLE ONLY public.auth_group
    ADD CONSTRAINT auth_group_pkey PRIMARY KEY (id);


--
-- Name: auth_permission auth_permission_content_type_id_codename_01ab375a_uniq; Type: CONSTRAINT; Schema: public; Owner: rafael
--

ALTER TABLE ONLY public.auth_permission
    ADD CONSTRAINT auth_permission_content_type_id_codename_01ab375a_uniq UNIQUE (content_type_id, codename);


--
-- Name: auth_permission auth_permission_pkey; Type: CONSTRAINT; Schema: public; Owner: rafael
--

ALTER TABLE ONLY public.auth_permission
    ADD CONSTRAINT auth_permission_pkey PRIMARY KEY (id);


--
-- Name: authtoken_token authtoken_token_pkey; Type: CONSTRAINT; Schema: public; Owner: rafael
--

ALTER TABLE ONLY public.authtoken_token
    ADD CONSTRAINT authtoken_token_pkey PRIMARY KEY (key);


--
-- Name: authtoken_token authtoken_token_user_id_key; Type: CONSTRAINT; Schema: public; Owner: rafael
--

ALTER TABLE ONLY public.authtoken_token
    ADD CONSTRAINT authtoken_token_user_id_key UNIQUE (user_id);


--
-- Name: django_admin_log django_admin_log_pkey; Type: CONSTRAINT; Schema: public; Owner: rafael
--

ALTER TABLE ONLY public.django_admin_log
    ADD CONSTRAINT django_admin_log_pkey PRIMARY KEY (id);


--
-- Name: django_content_type django_content_type_app_label_model_76bd3d3b_uniq; Type: CONSTRAINT; Schema: public; Owner: rafael
--

ALTER TABLE ONLY public.django_content_type
    ADD CONSTRAINT django_content_type_app_label_model_76bd3d3b_uniq UNIQUE (app_label, model);


--
-- Name: django_content_type django_content_type_pkey; Type: CONSTRAINT; Schema: public; Owner: rafael
--

ALTER TABLE ONLY public.django_content_type
    ADD CONSTRAINT django_content_type_pkey PRIMARY KEY (id);


--
-- Name: django_migrations django_migrations_pkey; Type: CONSTRAINT; Schema: public; Owner: rafael
--

ALTER TABLE ONLY public.django_migrations
    ADD CONSTRAINT django_migrations_pkey PRIMARY KEY (id);


--
-- Name: django_session django_session_pkey; Type: CONSTRAINT; Schema: public; Owner: rafael
--

ALTER TABLE ONLY public.django_session
    ADD CONSTRAINT django_session_pkey PRIMARY KEY (session_key);


--
-- Name: django_site django_site_domain_a2e37b91_uniq; Type: CONSTRAINT; Schema: public; Owner: rafael
--

ALTER TABLE ONLY public.django_site
    ADD CONSTRAINT django_site_domain_a2e37b91_uniq UNIQUE (domain);


--
-- Name: django_site django_site_pkey; Type: CONSTRAINT; Schema: public; Owner: rafael
--

ALTER TABLE ONLY public.django_site
    ADD CONSTRAINT django_site_pkey PRIMARY KEY (id);


--
-- Name: socialaccount_socialaccount socialaccount_socialaccount_pkey; Type: CONSTRAINT; Schema: public; Owner: rafael
--

ALTER TABLE ONLY public.socialaccount_socialaccount
    ADD CONSTRAINT socialaccount_socialaccount_pkey PRIMARY KEY (id);


--
-- Name: socialaccount_socialaccount socialaccount_socialaccount_provider_uid_fc810c6e_uniq; Type: CONSTRAINT; Schema: public; Owner: rafael
--

ALTER TABLE ONLY public.socialaccount_socialaccount
    ADD CONSTRAINT socialaccount_socialaccount_provider_uid_fc810c6e_uniq UNIQUE (provider, uid);


--
-- Name: socialaccount_socialapp_sites socialaccount_socialapp__socialapp_id_site_id_71a9a768_uniq; Type: CONSTRAINT; Schema: public; Owner: rafael
--

ALTER TABLE ONLY public.socialaccount_socialapp_sites
    ADD CONSTRAINT socialaccount_socialapp__socialapp_id_site_id_71a9a768_uniq UNIQUE (socialapp_id, site_id);


--
-- Name: socialaccount_socialapp socialaccount_socialapp_pkey; Type: CONSTRAINT; Schema: public; Owner: rafael
--

ALTER TABLE ONLY public.socialaccount_socialapp
    ADD CONSTRAINT socialaccount_socialapp_pkey PRIMARY KEY (id);


--
-- Name: socialaccount_socialapp_sites socialaccount_socialapp_sites_pkey; Type: CONSTRAINT; Schema: public; Owner: rafael
--

ALTER TABLE ONLY public.socialaccount_socialapp_sites
    ADD CONSTRAINT socialaccount_socialapp_sites_pkey PRIMARY KEY (id);


--
-- Name: socialaccount_socialtoken socialaccount_socialtoken_app_id_account_id_fca4e0ac_uniq; Type: CONSTRAINT; Schema: public; Owner: rafael
--

ALTER TABLE ONLY public.socialaccount_socialtoken
    ADD CONSTRAINT socialaccount_socialtoken_app_id_account_id_fca4e0ac_uniq UNIQUE (app_id, account_id);


--
-- Name: socialaccount_socialtoken socialaccount_socialtoken_pkey; Type: CONSTRAINT; Schema: public; Owner: rafael
--

ALTER TABLE ONLY public.socialaccount_socialtoken
    ADD CONSTRAINT socialaccount_socialtoken_pkey PRIMARY KEY (id);


--
-- Name: account_emailaddress_email_03be32b2; Type: INDEX; Schema: public; Owner: rafael
--

CREATE INDEX account_emailaddress_email_03be32b2 ON public.account_emailaddress USING btree (email);


--
-- Name: account_emailaddress_email_03be32b2_like; Type: INDEX; Schema: public; Owner: rafael
--

CREATE INDEX account_emailaddress_email_03be32b2_like ON public.account_emailaddress USING btree (email varchar_pattern_ops);


--
-- Name: account_emailaddress_user_id_2c513194; Type: INDEX; Schema: public; Owner: rafael
--

CREATE INDEX account_emailaddress_user_id_2c513194 ON public.account_emailaddress USING btree (user_id);


--
-- Name: account_emailconfirmation_email_address_id_5b7f8c58; Type: INDEX; Schema: public; Owner: rafael
--

CREATE INDEX account_emailconfirmation_email_address_id_5b7f8c58 ON public.account_emailconfirmation USING btree (email_address_id);


--
-- Name: account_emailconfirmation_key_f43612bd_like; Type: INDEX; Schema: public; Owner: rafael
--

CREATE INDEX account_emailconfirmation_key_f43612bd_like ON public.account_emailconfirmation USING btree (key varchar_pattern_ops);


--
-- Name: api_equipment_name_129814e8_like; Type: INDEX; Schema: public; Owner: rafael
--

CREATE INDEX api_equipment_name_129814e8_like ON public.api_equipment USING btree (name varchar_pattern_ops);


--
-- Name: api_exerciselog_exercise_id_354765a9; Type: INDEX; Schema: public; Owner: rafael
--

CREATE INDEX api_exerciselog_exercise_id_354765a9 ON public.api_exerciselog USING btree (exercise_id);


--
-- Name: api_exerciselog_workout_log_id_8af1b0e4; Type: INDEX; Schema: public; Owner: rafael
--

CREATE INDEX api_exerciselog_workout_log_id_8af1b0e4 ON public.api_exerciselog USING btree (workout_log_id);


--
-- Name: api_exercisevideo_exercise_name_982d7258_like; Type: INDEX; Schema: public; Owner: rafael
--

CREATE INDEX api_exercisevideo_exercise_name_982d7258_like ON public.api_exercisevideo USING btree (exercise_name varchar_pattern_ops);


--
-- Name: api_trainingsession_user_id_560ce5cc; Type: INDEX; Schema: public; Owner: rafael
--

CREATE INDEX api_trainingsession_user_id_560ce5cc ON public.api_trainingsession USING btree (user_id);


--
-- Name: api_trainingsession_workout_plan_id_4b868535; Type: INDEX; Schema: public; Owner: rafael
--

CREATE INDEX api_trainingsession_workout_plan_id_4b868535 ON public.api_trainingsession USING btree (workout_plan_id);


--
-- Name: api_user_equipment_equipment_id_cfdcfcef; Type: INDEX; Schema: public; Owner: rafael
--

CREATE INDEX api_user_equipment_equipment_id_cfdcfcef ON public.api_user_equipment USING btree (equipment_id);


--
-- Name: api_user_equipment_user_id_6dce042e; Type: INDEX; Schema: public; Owner: rafael
--

CREATE INDEX api_user_equipment_user_id_6dce042e ON public.api_user_equipment USING btree (user_id);


--
-- Name: api_user_groups_group_id_3af85785; Type: INDEX; Schema: public; Owner: rafael
--

CREATE INDEX api_user_groups_group_id_3af85785 ON public.api_user_groups USING btree (group_id);


--
-- Name: api_user_groups_user_id_a5ff39fa; Type: INDEX; Schema: public; Owner: rafael
--

CREATE INDEX api_user_groups_user_id_a5ff39fa ON public.api_user_groups USING btree (user_id);


--
-- Name: api_user_membership_number_c10a50c8_like; Type: INDEX; Schema: public; Owner: rafael
--

CREATE INDEX api_user_membership_number_c10a50c8_like ON public.api_user USING btree (membership_number varchar_pattern_ops);


--
-- Name: api_user_strength_goals_strengthgoal_id_f8268fa6; Type: INDEX; Schema: public; Owner: rafael
--

CREATE INDEX api_user_strength_goals_strengthgoal_id_f8268fa6 ON public.api_user_strength_goals USING btree (strengthgoal_id);


--
-- Name: api_user_strength_goals_user_id_788766cc; Type: INDEX; Schema: public; Owner: rafael
--

CREATE INDEX api_user_strength_goals_user_id_788766cc ON public.api_user_strength_goals USING btree (user_id);


--
-- Name: api_user_user_permissions_permission_id_305b7fea; Type: INDEX; Schema: public; Owner: rafael
--

CREATE INDEX api_user_user_permissions_permission_id_305b7fea ON public.api_user_user_permissions USING btree (permission_id);


--
-- Name: api_user_user_permissions_user_id_f3945d65; Type: INDEX; Schema: public; Owner: rafael
--

CREATE INDEX api_user_user_permissions_user_id_f3945d65 ON public.api_user_user_permissions USING btree (user_id);


--
-- Name: api_user_username_cf4e88d2_like; Type: INDEX; Schema: public; Owner: rafael
--

CREATE INDEX api_user_username_cf4e88d2_like ON public.api_user USING btree (username varchar_pattern_ops);


--
-- Name: api_workoutlog_user_id_a12fcdd9; Type: INDEX; Schema: public; Owner: rafael
--

CREATE INDEX api_workoutlog_user_id_a12fcdd9 ON public.api_workoutlog USING btree (user_id);


--
-- Name: api_workoutsession_user_id_f8f264bb; Type: INDEX; Schema: public; Owner: rafael
--

CREATE INDEX api_workoutsession_user_id_f8f264bb ON public.api_workoutsession USING btree (user_id);


--
-- Name: api_youtubevideo_exercise_name_0ac308d5_like; Type: INDEX; Schema: public; Owner: rafael
--

CREATE INDEX api_youtubevideo_exercise_name_0ac308d5_like ON public.api_youtubevideo USING btree (exercise_name varchar_pattern_ops);


--
-- Name: auth_group_name_a6ea08ec_like; Type: INDEX; Schema: public; Owner: rafael
--

CREATE INDEX auth_group_name_a6ea08ec_like ON public.auth_group USING btree (name varchar_pattern_ops);


--
-- Name: auth_group_permissions_group_id_b120cbf9; Type: INDEX; Schema: public; Owner: rafael
--

CREATE INDEX auth_group_permissions_group_id_b120cbf9 ON public.auth_group_permissions USING btree (group_id);


--
-- Name: auth_group_permissions_permission_id_84c5c92e; Type: INDEX; Schema: public; Owner: rafael
--

CREATE INDEX auth_group_permissions_permission_id_84c5c92e ON public.auth_group_permissions USING btree (permission_id);


--
-- Name: auth_permission_content_type_id_2f476e4b; Type: INDEX; Schema: public; Owner: rafael
--

CREATE INDEX auth_permission_content_type_id_2f476e4b ON public.auth_permission USING btree (content_type_id);


--
-- Name: authtoken_token_key_10f0b77e_like; Type: INDEX; Schema: public; Owner: rafael
--

CREATE INDEX authtoken_token_key_10f0b77e_like ON public.authtoken_token USING btree (key varchar_pattern_ops);


--
-- Name: django_admin_log_content_type_id_c4bce8eb; Type: INDEX; Schema: public; Owner: rafael
--

CREATE INDEX django_admin_log_content_type_id_c4bce8eb ON public.django_admin_log USING btree (content_type_id);


--
-- Name: django_admin_log_user_id_c564eba6; Type: INDEX; Schema: public; Owner: rafael
--

CREATE INDEX django_admin_log_user_id_c564eba6 ON public.django_admin_log USING btree (user_id);


--
-- Name: django_session_expire_date_a5c62663; Type: INDEX; Schema: public; Owner: rafael
--

CREATE INDEX django_session_expire_date_a5c62663 ON public.django_session USING btree (expire_date);


--
-- Name: django_session_session_key_c0390e0f_like; Type: INDEX; Schema: public; Owner: rafael
--

CREATE INDEX django_session_session_key_c0390e0f_like ON public.django_session USING btree (session_key varchar_pattern_ops);


--
-- Name: django_site_domain_a2e37b91_like; Type: INDEX; Schema: public; Owner: rafael
--

CREATE INDEX django_site_domain_a2e37b91_like ON public.django_site USING btree (domain varchar_pattern_ops);


--
-- Name: socialaccount_socialaccount_user_id_8146e70c; Type: INDEX; Schema: public; Owner: rafael
--

CREATE INDEX socialaccount_socialaccount_user_id_8146e70c ON public.socialaccount_socialaccount USING btree (user_id);


--
-- Name: socialaccount_socialapp_sites_site_id_2579dee5; Type: INDEX; Schema: public; Owner: rafael
--

CREATE INDEX socialaccount_socialapp_sites_site_id_2579dee5 ON public.socialaccount_socialapp_sites USING btree (site_id);


--
-- Name: socialaccount_socialapp_sites_socialapp_id_97fb6e7d; Type: INDEX; Schema: public; Owner: rafael
--

CREATE INDEX socialaccount_socialapp_sites_socialapp_id_97fb6e7d ON public.socialaccount_socialapp_sites USING btree (socialapp_id);


--
-- Name: socialaccount_socialtoken_account_id_951f210e; Type: INDEX; Schema: public; Owner: rafael
--

CREATE INDEX socialaccount_socialtoken_account_id_951f210e ON public.socialaccount_socialtoken USING btree (account_id);


--
-- Name: socialaccount_socialtoken_app_id_636a42d7; Type: INDEX; Schema: public; Owner: rafael
--

CREATE INDEX socialaccount_socialtoken_app_id_636a42d7 ON public.socialaccount_socialtoken USING btree (app_id);


--
-- Name: unique_email_when_not_null; Type: INDEX; Schema: public; Owner: rafael
--

CREATE UNIQUE INDEX unique_email_when_not_null ON public.api_user USING btree (email) WHERE (email IS NOT NULL);


--
-- Name: unique_primary_email; Type: INDEX; Schema: public; Owner: rafael
--

CREATE UNIQUE INDEX unique_primary_email ON public.account_emailaddress USING btree (user_id, "primary") WHERE "primary";


--
-- Name: unique_verified_email; Type: INDEX; Schema: public; Owner: rafael
--

CREATE UNIQUE INDEX unique_verified_email ON public.account_emailaddress USING btree (email) WHERE verified;


--
-- Name: account_emailaddress account_emailaddress_user_id_2c513194_fk_api_user_id; Type: FK CONSTRAINT; Schema: public; Owner: rafael
--

ALTER TABLE ONLY public.account_emailaddress
    ADD CONSTRAINT account_emailaddress_user_id_2c513194_fk_api_user_id FOREIGN KEY (user_id) REFERENCES public.api_user(id) DEFERRABLE INITIALLY DEFERRED;


--
-- Name: account_emailconfirmation account_emailconfirm_email_address_id_5b7f8c58_fk_account_e; Type: FK CONSTRAINT; Schema: public; Owner: rafael
--

ALTER TABLE ONLY public.account_emailconfirmation
    ADD CONSTRAINT account_emailconfirm_email_address_id_5b7f8c58_fk_account_e FOREIGN KEY (email_address_id) REFERENCES public.account_emailaddress(id) DEFERRABLE INITIALLY DEFERRED;


--
-- Name: api_exerciselog api_exerciselog_exercise_id_354765a9_fk_api_exercise_id; Type: FK CONSTRAINT; Schema: public; Owner: rafael
--

ALTER TABLE ONLY public.api_exerciselog
    ADD CONSTRAINT api_exerciselog_exercise_id_354765a9_fk_api_exercise_id FOREIGN KEY (exercise_id) REFERENCES public.api_exercise(id) DEFERRABLE INITIALLY DEFERRED;


--
-- Name: api_exerciselog api_exerciselog_workout_log_id_8af1b0e4_fk_api_workoutlog_id; Type: FK CONSTRAINT; Schema: public; Owner: rafael
--

ALTER TABLE ONLY public.api_exerciselog
    ADD CONSTRAINT api_exerciselog_workout_log_id_8af1b0e4_fk_api_workoutlog_id FOREIGN KEY (workout_log_id) REFERENCES public.api_workoutlog(id) DEFERRABLE INITIALLY DEFERRED;


--
-- Name: api_trainingsession api_trainingsession_user_id_560ce5cc_fk_api_user_id; Type: FK CONSTRAINT; Schema: public; Owner: rafael
--

ALTER TABLE ONLY public.api_trainingsession
    ADD CONSTRAINT api_trainingsession_user_id_560ce5cc_fk_api_user_id FOREIGN KEY (user_id) REFERENCES public.api_user(id) DEFERRABLE INITIALLY DEFERRED;


--
-- Name: api_trainingsession api_trainingsession_workout_plan_id_4b868535_fk; Type: FK CONSTRAINT; Schema: public; Owner: rafael
--

ALTER TABLE ONLY public.api_trainingsession
    ADD CONSTRAINT api_trainingsession_workout_plan_id_4b868535_fk FOREIGN KEY (workout_plan_id) REFERENCES public.api_workoutplan(id) DEFERRABLE INITIALLY DEFERRED;


--
-- Name: api_user_equipment api_user_equipment_equipment_id_cfdcfcef_fk_api_equipment_id; Type: FK CONSTRAINT; Schema: public; Owner: rafael
--

ALTER TABLE ONLY public.api_user_equipment
    ADD CONSTRAINT api_user_equipment_equipment_id_cfdcfcef_fk_api_equipment_id FOREIGN KEY (equipment_id) REFERENCES public.api_equipment(id) DEFERRABLE INITIALLY DEFERRED;


--
-- Name: api_user_equipment api_user_equipment_user_id_6dce042e_fk_api_user_id; Type: FK CONSTRAINT; Schema: public; Owner: rafael
--

ALTER TABLE ONLY public.api_user_equipment
    ADD CONSTRAINT api_user_equipment_user_id_6dce042e_fk_api_user_id FOREIGN KEY (user_id) REFERENCES public.api_user(id) DEFERRABLE INITIALLY DEFERRED;


--
-- Name: api_user_groups api_user_groups_group_id_3af85785_fk_auth_group_id; Type: FK CONSTRAINT; Schema: public; Owner: rafael
--

ALTER TABLE ONLY public.api_user_groups
    ADD CONSTRAINT api_user_groups_group_id_3af85785_fk_auth_group_id FOREIGN KEY (group_id) REFERENCES public.auth_group(id) DEFERRABLE INITIALLY DEFERRED;


--
-- Name: api_user_groups api_user_groups_user_id_a5ff39fa_fk_api_user_id; Type: FK CONSTRAINT; Schema: public; Owner: rafael
--

ALTER TABLE ONLY public.api_user_groups
    ADD CONSTRAINT api_user_groups_user_id_a5ff39fa_fk_api_user_id FOREIGN KEY (user_id) REFERENCES public.api_user(id) DEFERRABLE INITIALLY DEFERRED;


--
-- Name: api_user_strength_goals api_user_strength_go_strengthgoal_id_f8268fa6_fk_api_stren; Type: FK CONSTRAINT; Schema: public; Owner: rafael
--

ALTER TABLE ONLY public.api_user_strength_goals
    ADD CONSTRAINT api_user_strength_go_strengthgoal_id_f8268fa6_fk_api_stren FOREIGN KEY (strengthgoal_id) REFERENCES public.api_strengthgoal(id) DEFERRABLE INITIALLY DEFERRED;


--
-- Name: api_user_strength_goals api_user_strength_goals_user_id_788766cc_fk_api_user_id; Type: FK CONSTRAINT; Schema: public; Owner: rafael
--

ALTER TABLE ONLY public.api_user_strength_goals
    ADD CONSTRAINT api_user_strength_goals_user_id_788766cc_fk_api_user_id FOREIGN KEY (user_id) REFERENCES public.api_user(id) DEFERRABLE INITIALLY DEFERRED;


--
-- Name: api_user_user_permissions api_user_user_permis_permission_id_305b7fea_fk_auth_perm; Type: FK CONSTRAINT; Schema: public; Owner: rafael
--

ALTER TABLE ONLY public.api_user_user_permissions
    ADD CONSTRAINT api_user_user_permis_permission_id_305b7fea_fk_auth_perm FOREIGN KEY (permission_id) REFERENCES public.auth_permission(id) DEFERRABLE INITIALLY DEFERRED;


--
-- Name: api_user_user_permissions api_user_user_permissions_user_id_f3945d65_fk_api_user_id; Type: FK CONSTRAINT; Schema: public; Owner: rafael
--

ALTER TABLE ONLY public.api_user_user_permissions
    ADD CONSTRAINT api_user_user_permissions_user_id_f3945d65_fk_api_user_id FOREIGN KEY (user_id) REFERENCES public.api_user(id) DEFERRABLE INITIALLY DEFERRED;


--
-- Name: api_userprofile api_userprofile_user_id_5a1c1c92_fk_api_user_id; Type: FK CONSTRAINT; Schema: public; Owner: rafael
--

ALTER TABLE ONLY public.api_userprofile
    ADD CONSTRAINT api_userprofile_user_id_5a1c1c92_fk_api_user_id FOREIGN KEY (user_id) REFERENCES public.api_user(id) DEFERRABLE INITIALLY DEFERRED;


--
-- Name: api_workoutlog api_workoutlog_user_id_a12fcdd9_fk_api_user_id; Type: FK CONSTRAINT; Schema: public; Owner: rafael
--

ALTER TABLE ONLY public.api_workoutlog
    ADD CONSTRAINT api_workoutlog_user_id_a12fcdd9_fk_api_user_id FOREIGN KEY (user_id) REFERENCES public.api_user(id) DEFERRABLE INITIALLY DEFERRED;


--
-- Name: api_workoutplan api_workoutplan_user_id_a177e140_fk_api_user_id; Type: FK CONSTRAINT; Schema: public; Owner: rafael
--

ALTER TABLE ONLY public.api_workoutplan
    ADD CONSTRAINT api_workoutplan_user_id_a177e140_fk_api_user_id FOREIGN KEY (user_id) REFERENCES public.api_user(id) DEFERRABLE INITIALLY DEFERRED;


--
-- Name: api_workoutsession api_workoutsession_user_id_f8f264bb_fk_api_user_id; Type: FK CONSTRAINT; Schema: public; Owner: rafael
--

ALTER TABLE ONLY public.api_workoutsession
    ADD CONSTRAINT api_workoutsession_user_id_f8f264bb_fk_api_user_id FOREIGN KEY (user_id) REFERENCES public.api_user(id) DEFERRABLE INITIALLY DEFERRED;


--
-- Name: auth_group_permissions auth_group_permissio_permission_id_84c5c92e_fk_auth_perm; Type: FK CONSTRAINT; Schema: public; Owner: rafael
--

ALTER TABLE ONLY public.auth_group_permissions
    ADD CONSTRAINT auth_group_permissio_permission_id_84c5c92e_fk_auth_perm FOREIGN KEY (permission_id) REFERENCES public.auth_permission(id) DEFERRABLE INITIALLY DEFERRED;


--
-- Name: auth_group_permissions auth_group_permissions_group_id_b120cbf9_fk_auth_group_id; Type: FK CONSTRAINT; Schema: public; Owner: rafael
--

ALTER TABLE ONLY public.auth_group_permissions
    ADD CONSTRAINT auth_group_permissions_group_id_b120cbf9_fk_auth_group_id FOREIGN KEY (group_id) REFERENCES public.auth_group(id) DEFERRABLE INITIALLY DEFERRED;


--
-- Name: auth_permission auth_permission_content_type_id_2f476e4b_fk_django_co; Type: FK CONSTRAINT; Schema: public; Owner: rafael
--

ALTER TABLE ONLY public.auth_permission
    ADD CONSTRAINT auth_permission_content_type_id_2f476e4b_fk_django_co FOREIGN KEY (content_type_id) REFERENCES public.django_content_type(id) DEFERRABLE INITIALLY DEFERRED;


--
-- Name: authtoken_token authtoken_token_user_id_35299eff_fk_api_user_id; Type: FK CONSTRAINT; Schema: public; Owner: rafael
--

ALTER TABLE ONLY public.authtoken_token
    ADD CONSTRAINT authtoken_token_user_id_35299eff_fk_api_user_id FOREIGN KEY (user_id) REFERENCES public.api_user(id) DEFERRABLE INITIALLY DEFERRED;


--
-- Name: django_admin_log django_admin_log_content_type_id_c4bce8eb_fk_django_co; Type: FK CONSTRAINT; Schema: public; Owner: rafael
--

ALTER TABLE ONLY public.django_admin_log
    ADD CONSTRAINT django_admin_log_content_type_id_c4bce8eb_fk_django_co FOREIGN KEY (content_type_id) REFERENCES public.django_content_type(id) DEFERRABLE INITIALLY DEFERRED;


--
-- Name: django_admin_log django_admin_log_user_id_c564eba6_fk_api_user_id; Type: FK CONSTRAINT; Schema: public; Owner: rafael
--

ALTER TABLE ONLY public.django_admin_log
    ADD CONSTRAINT django_admin_log_user_id_c564eba6_fk_api_user_id FOREIGN KEY (user_id) REFERENCES public.api_user(id) DEFERRABLE INITIALLY DEFERRED;


--
-- Name: socialaccount_socialtoken socialaccount_social_account_id_951f210e_fk_socialacc; Type: FK CONSTRAINT; Schema: public; Owner: rafael
--

ALTER TABLE ONLY public.socialaccount_socialtoken
    ADD CONSTRAINT socialaccount_social_account_id_951f210e_fk_socialacc FOREIGN KEY (account_id) REFERENCES public.socialaccount_socialaccount(id) DEFERRABLE INITIALLY DEFERRED;


--
-- Name: socialaccount_socialtoken socialaccount_social_app_id_636a42d7_fk_socialacc; Type: FK CONSTRAINT; Schema: public; Owner: rafael
--

ALTER TABLE ONLY public.socialaccount_socialtoken
    ADD CONSTRAINT socialaccount_social_app_id_636a42d7_fk_socialacc FOREIGN KEY (app_id) REFERENCES public.socialaccount_socialapp(id) DEFERRABLE INITIALLY DEFERRED;


--
-- Name: socialaccount_socialapp_sites socialaccount_social_site_id_2579dee5_fk_django_si; Type: FK CONSTRAINT; Schema: public; Owner: rafael
--

ALTER TABLE ONLY public.socialaccount_socialapp_sites
    ADD CONSTRAINT socialaccount_social_site_id_2579dee5_fk_django_si FOREIGN KEY (site_id) REFERENCES public.django_site(id) DEFERRABLE INITIALLY DEFERRED;


--
-- Name: socialaccount_socialapp_sites socialaccount_social_socialapp_id_97fb6e7d_fk_socialacc; Type: FK CONSTRAINT; Schema: public; Owner: rafael
--

ALTER TABLE ONLY public.socialaccount_socialapp_sites
    ADD CONSTRAINT socialaccount_social_socialapp_id_97fb6e7d_fk_socialacc FOREIGN KEY (socialapp_id) REFERENCES public.socialaccount_socialapp(id) DEFERRABLE INITIALLY DEFERRED;


--
-- Name: socialaccount_socialaccount socialaccount_socialaccount_user_id_8146e70c_fk_api_user_id; Type: FK CONSTRAINT; Schema: public; Owner: rafael
--

ALTER TABLE ONLY public.socialaccount_socialaccount
    ADD CONSTRAINT socialaccount_socialaccount_user_id_8146e70c_fk_api_user_id FOREIGN KEY (user_id) REFERENCES public.api_user(id) DEFERRABLE INITIALLY DEFERRED;


--
-- PostgreSQL database dump complete
--

